Business ID#:,DBA Name:,Date of Appointment:,Effective Date of Resignation:,Entity Name:,Entity Type:,Geographical Location Address:,Mailing Address:1,Mailing Address:2,Name:,Physical Address:,Principal Office Location in NM:,Principal Office Outside of New Mexico:,Principal Place of Business in Domestic State/ Country:,Principal Place of Business in New Mexico:,Registered Office in State of Incorporation:,Secondary Principal Place of Business in New Mexico:,Standing:,State of Incorporation:,Status:,Statute Law Code:,type,Principal Place of Business Anywhere:,Secondary Principal Place of Business Anywhere:,IMPAQ_ID,Applicant Name:,Applicant Name: Eric Anderson,Attention :,Attention : NONE,Mailing Address :,"Mailing Address : PO BOX 81, Corona, NM 88318",Reservation Number:,Title:,Title: Organizer,"ATTN:GEN & SPECIAL LIT.PO BOX 4783, HOUSTON, TX 77210",Applicant Name:1,Applicant Name:2,Mailing Address : NONE,Title:1,Title:2
4862643,Not Applicable,02/05/2014,,"CEDAR CREST PHILLIPS 66, INC.",Domestic Profit Corporation,,"12011 State Highway 14 N, Cedar Crest, NM 87008",NONE,ABUL K. AZAD,"12133 HWY. 14 N, CEDAR CREST, NM 87008",Not Applicable,Not Applicable,Not Applicable,"12133 STATE HWY 14 N, Cedar Crest, NM 87008",,,N/A,New Mexico,Statement Of Intent To Dissolve,53-11-1 to 53-18-12,4862643,,,887,,,,,,,,,,,,,,,
5342643,,12/08/2016,,PHILLIPS 66 CARRIER LLC,Foreign Limited Liability Company,,"2711 Centervill Road, Suite 400, Wilmington, DE 19808","123 EAST MARCY STREET, SUITE 101, Santa Fe, NM 87501",CORPORATION SERVICE COMPANY,"123 EAST MARCY STREET, SUITE 101, Santa Fe, NM 87501",Not Applicable,Not Applicable,,,,,Good Standing,Delaware,Active,53-19-1 to 53-19-74,5342643,"2331 Citywest Blvd., Houston, TX 77042",,887,,,,,,,,,,,,,,,
515684,,07/17/1964,,PHILLIPS 66 COMPANY,Foreign Profit Corporation,,,NONE,MERGED OUT OF EXISTENCE,"SEE FT11 FOR SERVICE OF PROCESS,",Not Applicable,,,,,Not Applicable,N/A,Delaware,Merged,53-17-1 to 53-17-20,515684,,,887,,,,,,,,,,,,,,,
4530780,,12/14/2011,,PHILLIPS 66 COMPANY,Foreign Profit Corporation,,"2331 CITYWEST BOULEVARD, Houston, TX 77042","123 EAST MARCY STREET, SUITE 101, Santa Fe, NM 87501","CSC OF LEA COUNTY,INC","123 EAST MARCY STREET, SUITE 101, Santa Fe, NM 87501",Not Applicable,"2331 CITYWEST BOULEVARD, Houston, TX 77042",,"123 EAST MARCY STREET, SUITE 101, Santa Fe, NM 87501","251 LITTLE FALLS DRIVE, Wilmington, DE 19808",Not Applicable,Good Standing,Delaware,Active,53-17-1 to 53-17-20,4530780,,,887,,,,,,,,,,,,,,,
5342660,,12/08/2016,,PHILLIPS 66 PARTNERS HOLDINGS LLC,Foreign Limited Liability Company,,"2711 CENTERVILLE ROAD, SUITE 400, Wilmington, DE 19808","123 EAST MARCY STREET, SUITE 101, Santa Fe, NM 87501",CORPORATION SERVICE COMPANY,"123 EAST MARCY STREET, SUITE 101, Santa Fe, NM 87501",Not Applicable,Not Applicable,,,,,Good Standing,Delaware,Active,53-19-1 to 53-19-74,5342660,"2331 CITYWEST BLVD., Houston, TX 77042",,887,,,,,,,,,,,,,,,
261578,,01/28/2014,,PHILLIPS 66 PIPELINE LLC,Foreign Limited Liability Company,,,NONE,CORPORATION SERVICE COMPANY,"123 EAST MARCY STREET, SUITE 101, SANTA FE, NM 87501",Not Applicable,Not Applicable,,,,,Good Standing,Delaware,Active,53-19-1 to 53-19-74,261578,,,887,,,,,,,,,,,,,,,
1477405,,04/25/1990,,PHILLIPS 66 PROPANE COMPANY,Foreign Profit Corporation,,,NONE,MERGED OUT OF EXISTENCE,"SEE FT11 FOR SERVICE OF PROCESS,",Not Applicable,,,,,Not Applicable,N/A,Delaware,Merged,53-17-1 to 53-17-20,1477405,,,887,,,,,,,,,,,,,,,
1561919,,04/09/1992,,PHILLIPS 66 SERVICES COMPANY,Foreign Profit Corporation,,"1250 ADAMS BUILDING, BARTLESVILLE, OK 74004",NONE,SECRETARY OF STATE,"EXECUTIVE-LEGISLATIVE BUILDING, SANTA FE, NM 87503",Not Applicable,,,,,Not Applicable,Good Standing,Delaware,Withdrawal,53-17-1 to 53-17-20,1561919,,,887,,,,,,,,,,,,,,,
396242,Not Applicable,12/03/1958,,PHILLIPS 66 TRUCK STOP INC.,Domestic Profit Corporation,,"100 CHICAGO ST., PORTALES, NM 88130",NONE,T.M. GILLETT,"100 CHICAGO ST., PORTALES, NM 88130",Not Applicable,Not Applicable,Not Applicable,,,,Not in Good Standing,New Mexico,Revoked Final,53-11-1 to 53-18-12,396242,,,887,,,,,,,,,,,,,,,
1479831,Not Applicable,11/25/2013,,BETHEL COMMUNITY STOREHOUSE,Domestic Nonprofit Corporation,,"PO BOX 968, Moriarty, NM 87035",NONE,LINDA SMITH,"1719 4TH ST, Moriarty, NM 87035",Not Applicable,Not Applicable,Not Applicable,"1719 4TH ST, Moriarty, NM 87035",,,Good Standing,New Mexico,Active,53-8-1 to 53-8-99,1479831,,,901,,,,,,,,,,,,,,,
1658475,,03/08/1994,,"CLOTHESTIME STORES, INC.",Foreign Profit Corporation,,"2010-K CERRILLOS RD, SANTA FE, NM 87501",NONE,CORPORATION SERVICE COMPANY,"125 LINCOLN AVENUE SUITE 223, SANTA FE, NM 87501",Not Applicable,,,,,Not Applicable,Good Standing,Delaware,Bankruptcy-Receivership,53-17-1 to 53-17-20,1658475,,,901,,,,,,,,,,,,,,,
336263,,,,"DEJAY SOUTHERN STORES, INC.",Foreign Profit Corporation,,"UNION BLDG, CHARLESTON, WV 25300",,,,Not Applicable,,,,,Not Applicable,Not in Good Standing,West Virginia,Revoked Final,53-17-1 to 53-17-20,336263,,,901,,,,,,,,,,,,,,,
1109818,,08/12/1981,,"EDISON BROTHERS APPAREL STORES, INC.",Foreign Profit Corporation,,"121 EAST PALACE, SANTA FE, NM 87501",NONE,CORPORATION SERVICE COMPANY,"125 LINCOLN AVENUE SUITE 223, SANTA FE, NM 89706",Not Applicable,,,,,Not Applicable,Not in Good Standing,Missouri,Revoked Final,53-17-1 to 53-17-20,1109818,,,901,,,,,,,,,,,,,,,
903526,,01/03/1977,,"FATHER & SON SHOE STORE, INC.",Foreign Profit Corporation,,"1 OAK HILL AVE,TAX DEPT., ENDICOTT, NY 13760",NONE,SECRETARY OF STATE,"EXECUTIVE-LEGISLATIVE BUILDING, SANTA FE, NM 87503",Not Applicable,,,,,Not Applicable,Good Standing,New York,Withdrawal,53-17-1 to 53-17-20,903526,,,901,,,,,,,,,,,,,,,
1633668,,10/06/1993,,"LEATHER LOFT STORES, INC.",Foreign Profit Corporation,,"601 W FRONTAGE RD., ALGODONES, NM 87001",NONE,C T CORPORATION SYSTEM,"123 EAST MARCY, SANTA FE, NM 87501",Not Applicable,,,,,Not Applicable,Not in Good Standing,New Hampshire,Revoked Final,53-17-1 to 53-17-20,1633668,,,901,,,,,,,,,,,,,,,
731950,,05/22/1972,,"NORTHEAST FURNITURE STORES, INCORPORATED",Foreign Profit Corporation,,"801 WHITE SANDS BLVD., ALAMOGORDO, NM 88310",NONE,C. JOHN GALVAN,"801 WHITE SANDS BLVD., ALAMOGORDO, NM 88310",Not Applicable,,,,,Not Applicable,Not in Good Standing,Texas,Revoked Final,53-17-1 to 53-17-20,731950,,,901,,,,,,,,,,,,,,,
1764646,Not Applicable,12/12/1995,,"SISTERS' AND BROTHERS' BOOKSTORE, INC.",Domestic Profit Corporation,,"4011 SILVER AVE. SE, ALBUQUERQUE, NM 87108",NONE,"STEPHEN D. TURPEN, PA","320 GOLD AVE SW STE 1119, ALBUQUERQUE, NM 87102",Not Applicable,Not Applicable,Not Applicable,,,,Not in Good Standing,New Mexico,Revoked Final,53-11-1 to 53-18-12,1764646,,,901,,,,,,,,,,,,,,,
4097317,,10/23/2008,,"SOUTHERN STORE FIXTURES, INC.",Foreign Profit Corporation,,"275 DREXEL RD. SE, BESSEMER, AL 35022",NONE,C T CORPORATION SYSTEM,"123 EAST MARCY, SANTA FE, NM 87501",Not Applicable,,,,,Not Applicable,Not in Good Standing,Alabama,Revoked Final,53-17-1 to 53-17-20,4097317,,,901,,,,,,,,,,,,,,,
4463790,,07/08/2011,,"SOUTHERN STORE FIXTURES, INC.",Foreign Profit Corporation,,"275 DREXEL ROAD SE, BESSEMER, AL 35022",NONE,C T CORPORATION SYSTEM,"123 EAST MARCY, SANTA FE, NM 87501",Not Applicable,,,,,Not Applicable,Not in Good Standing,Alabama,New Corporation,53-17-1 to 53-17-20,4463790,,,901,,,,,,,,,,,,,,,
2570562,Not Applicable,04/12/2005,,CITY DIFFERENT MARKETING LLC,Domestic Limited Liability Company,,"985 AGUA FRIA ST UNIT 112, SANTA FE, NM 87501",NONE,PAMELLA A. NEELY,"985 AGUA FRIA ST UNIT 112, SANTA FE, NM 87501",Not Applicable,Not Applicable,Not Applicable,,,,Good Standing,New Mexico,Active,53-19-1 to 53-19-74,2570562,,,905,,,,,,,,,,,,,,,
2435345,Not Applicable,02/25/2004,05/04/2019,"CITY MARKET LOFTS ASSOCIATION, INC.",Domestic Nonprofit Corporation,,"401 CENTRAL AVE NE, Albuquerque, NM 87102",NONE,CHARLES PRICE,"401 CENTRAL AVE NE, Albuquerque, NM 87102",Not Applicable,Not Applicable,Not Applicable,"401 CENTRAL AVE NE, Albuquerque, NM 87102",,,Not in Good Standing,New Mexico,Active,53-8-1 to 53-8-99,2435345,,,905,,,,,,,,,,,,,,,
655852,,01/26/1970,,"CITY MARKET, INC.",Foreign Profit Corporation,,,NONE,MERGED OUT OF EXISTENCE,"SEE FT11 FOR SERVICE OF PROCESS,",Not Applicable,,,,,Not Applicable,N/A,Colorado,Merged,53-17-1 to 53-17-20,655852,,,905,,,,,,,,,,,,,,,
5423635,Not Applicable,12/04/2017,,"Crown City Market, LLC",Domestic Limited Liability Company,,"P.O. Box 81, Corona, NM 88318","P.O. Box 81, Corona, NM 88318",Eric Anderson,"701 Main Street, Corona, NM 88318",Not Applicable,Not Applicable,Not Applicable,,,,Good Standing,New Mexico,Active,53-19-1 to 53-19-74,5423635,"701 Main Street, Corona, NM 88318",,905,,,,,,,,,,,,,,,
Not Applicable,Not Applicable,,,"Crown City Market, LLC",Domestic Limited Liability Company,,,,,,,,,,,,N/A,New Mexico,Expired,53-19-1 to 53-19-74,N/A,,,905,Eric Anderson,,NONE,,"PO BOX 81, Corona, NM 88318",,00000002798,Organizer,,,,,,,
4254967,Not Applicable,01/08/2010,,SILVER CITY FARMER'S MARKET,Domestic Nonprofit Corporation,,"P.O. BOX 303, Silver City, NM 88062",NONE,PETER DAY,"2127 COTTAGE SAN RD, SILVER CITY, NM 88061",Not Applicable,Not Applicable,Not Applicable,"700 North bullard St, Silver City, NM 88061",,,Good Standing,New Mexico,Active,53-8-1 to 53-8-99,4254967,,,905,,,,,,,,,,,,,,,
4430997,Not Applicable,04/12/2011,04/13/2018,"STEEL CITY MARKETING, SALES AND CONSULTING SERVICES LLC",Domestic Limited Liability Company,,"9674 BELLA CITTA STREET, LAS VEGAS, NV 89178",NONE,UCC SEARCH INC,"1012 MARQUEZ PLACE STE. 106-B, SANTA FE, NM 87505",Not Applicable,Not Applicable,Not Applicable,,,,N/A,New Mexico,Dissolved,53-19-1 to 53-19-74,4430997,,,905,,,,,,,,,,,,,,,
1270636,Not Applicable,05/28/1985,,"SUN CITY MARKETING CONSULTANTS, INC.",Domestic Profit Corporation,,"3700 COORS RD. NW, SUITE F, ALBUQUERQUE, NM 87120",NONE,B. CULLEN HALLMARK,"200 W. MARCY, PO BOX 1663, SANTA FE, NM 87501",Not Applicable,Not Applicable,Not Applicable,,,,Not in Good Standing,New Mexico,Revoked Final,53-11-1 to 53-18-12,1270636,,,905,,,,,,,,,,,,,,,
1177633,,03/01/2016,,CITGO PETROLEUM CORPORATION,Foreign Profit Corporation,,"P. O. BOX 4689, Houston, TX 77210 - 4689",NONE,C T CORPORATION SYSTEM,"206 S CORONADO AVE, ESPANOLA, NM 87532 - 2792",Not Applicable,"1293 ELDRIDGE PARKWAY, Houston, TX 77077",,"NONE, NONE, NONE","1209 ORANGE STREET, Wilmington, DE 19801 - 0000",Not Applicable,Good Standing,Delaware,Active,53-17-1 to 53-17-20,1177633,,,906,,,,,,,,,,,,,,,
251777,,08/18/1949,,CITGO PIPELINE COMPANY,Foreign Profit Corporation,,"BOX 3758 STATE INCOME TAX, TULSA, OK 74102",NONE,SECRETARY OF STATE,"EXECUTIVE-LEGISLATIVE BUILDING, SANTA FE, NM 87503",Not Applicable,,,,,Not Applicable,Good Standing,Delaware,Withdrawal,53-17-1 to 53-17-20,251777,,,906,,,,,,,,,,,,,,,
1619956,LYONDELL-CITGO REFINING COMPANY LTD.,06/24/1993,,LYONDELL-CITGO REFINING COMPANY LTD. CO.,Foreign Limited Liability Company,,"1221 MCKINNEY ST., HOUSTON, TX 77010",NONE,SECRETARY OF STATE,"EXECUTIVE-LEGISLATIVE BUILDING, SANTA FE, NM 87503",Not Applicable,Not Applicable,,,,,Good Standing,Texas,Withdrawal,53-19-1 to 53-19-74,1619956,,,906,,,,,,,,,,,,,,,
4918738,Not Applicable,06/03/2014,,"SEVEN ELEVEN ELEVEN, LLC",Domestic Limited Liability Company,,,NONE,JOSHUA JAMESON,"101 PERKINS DR. STE. 2, LAS CRUCES, NM 88005",Not Applicable,Not Applicable,Not Applicable,,,,Good Standing,New Mexico,Active,53-19-1 to 53-19-74,4918738,"101 PERKINS DR., STE. 2, LAS CRUCES, NM 88005",,907,,,,,,,,,,,,,,,
486878,Not Applicable,03/25/1963,,THRIFTWAY CO.,Domestic Profit Corporation,,"501 AIRPORT DRIVE, STE 100, Farmington, NM 87401",NONE,ROBERT G MOSS,"501 AIRPORT DRIVE, STE 100, FARMINTGON, NM 87401",Not Applicable,Not Applicable,Not Applicable,"501 AIRPORT DRIVE, STE 100, Farmington, NM 87401",,,Good Standing,New Mexico,Active,53-11-1 to 53-18-12,486878,,,909,,,,,,,,,,,,,,,
787788,Not Applicable,11/21/1973,,THRIFTWAY MARKETING CORP.,Domestic Profit Corporation,,,NONE,MERGED OUT OF EXISTENCE,"SEE FT11 FOR SERVICE OF PROCESS,",Not Applicable,Not Applicable,Not Applicable,,,,N/A,New Mexico,Merged,53-11-1 to 53-18-12,787788,,,909,,,,,,,,,,,,,,,
2297539,,11/22/2002,,THRIFTWAY MARKETING CORP.,Foreign Profit Corporation,,"501 AIRPORT DR STE 100, Farmington, NM 87401",NONE,ROBERT G. MOSS,"501 AIRPORT DRIVE, STE.100, FARMINGTON, NM 87401",Not Applicable,"5605 RIGGINS CT STE 200, Reno, NV 89502",,"501 AIRPORT DR STE 100, Farmington, NM 87401","5605 RIGGINS CT STE 200, Reno, NV 89502",Not Applicable,Good Standing,Nevada,Active,53-17-1 to 53-17-20,2297539,,,909,,,,,,,,,,,,,,,
1410331,Not Applicable,,,THRIFTWAY PIPELINE TRANSPORTATION CORP.,Domestic Profit Corporation,,,,,,Not Applicable,Not Applicable,Not Applicable,,,,N/A,New Mexico,Voluntary Dissolution,53-11-1 to 53-18-12,1410331,,,909,,,,,,,,,,,,,,,
1525575,Not Applicable,06/07/1991,,THRIFTWAY PROPANE CORP.,Domestic Profit Corporation,,"710 E. 20TH ST., FARMINGTON, NM 87401",NONE,JERRY D. CLAYTON,"710 E. 20TH ST., SANTA FE, NM 87501",Not Applicable,Not Applicable,Not Applicable,,,,Not in Good Standing,New Mexico,Revoked Final,53-11-1 to 53-18-12,1525575,,,909,,,,,,,,,,,,,,,
2035657,Not Applicable,10/01/1999,,"""NATIVE AMERICAN MUSTANG EVANGELISM""",Domestic Nonprofit Corporation,,"PO BOX 192, Navajo, NM 87328",NONE,ARNOLD D YAZZIE - 3.5 MI N OF FT DEFIANCE AZ INDIAN RT 12 IN TUNNEL,"SPRINGS CHURCH SITE/ PO BOX 192, NAVAJO, NM 87328",Not Applicable,Not Applicable,Not Applicable,"3.5 MILES NORTH OF F. DEFIANCE, AZ, ON INDIAN RT 12, Navajo, NM 87328",,,Good Standing,New Mexico,Active,53-8-1 to 53-8-99,2035657,,,912,,,,,,,,,,,,,,,
4206579,Not Applicable,07/28/2009,,67 MUSTANG FASTBACK LLC,Domestic Limited Liability Company,,"APARTADO DE CORREOS 2 MORRO DEL JAB, LAS PALMAS, 35626ESP",NONE,RIO GRANDE TRUST LC,"2587 CAMINO CHUECO, SANTA FE, NM 87505",Not Applicable,Not Applicable,Not Applicable,,,,Good Standing,New Mexico,Active,53-19-1 to 53-19-74,4206579,,,912,,,,,,,,,,,,,,,
2616308,Not Applicable,07/18/2012,,"ALAMOGORDO MUSTANG CLUB, INC.",Domestic Nonprofit Corporation,,"P.O. BOX 2903, Alamogordo, NM 88310","250 PALO DURO, Alamogordo, NM 88310",GARY MISENER,"250 PALO DURO, Alamogordo, NM 88310",Not Applicable,Not Applicable,Not Applicable,"250 PALO DURO, Alamogordo, NM 88310",,,Good Standing,New Mexico,Active,53-8-1 to 53-8-99,2616308,,,912,,,,,,,,,,,,,,,
681619,Not Applicable,11/25/1970,,ALBUQUERQUE MUSTANG CLUB,Domestic Nonprofit Corporation,,"5301 JESSIE DRIVE, NE, ALBUQUERQUE, NM 87111",NONE,ROBERT H. MILLER,"5301 JESSIE DRIVE, NE, ALBUQUERQUE, NM 87111",Not Applicable,Not Applicable,Not Applicable,,,,Not in Good Standing,New Mexico,Revoked Final,53-8-1 to 53-8-99,681619,,,912,,,,,,,,,,,,,,,
1923374,Not Applicable,03/27/1998,,"DAVE'S MUSTANG PARTS AND SALES, INC.",Domestic Profit Corporation,,"5124 2ND ST NW, ALBUQUERQUE, NM 87107",NONE,DAVID MURPHY,"5124 2ND STREET NW, ALBUQUERQUE, NM 87107",Not Applicable,Not Applicable,Not Applicable,,,,Not in Good Standing,New Mexico,Revoked Final,53-11-1 to 53-18-12,1923374,,,912,,,,,,,,,,,,,,,
5926017,Not Applicable,06/11/2019,,"Flying Mustang, LLC",Domestic Limited Liability Company,,"P.O. Box 1708, Hobbs, NM 88241","1419 W. CAMINO DEL ARCO, Hobbs, NM 88240",ERIN SMITH,"1419 W. CAMINO DEL ARCO, Hobbs, NM 88240",Not Applicable,Not Applicable,Not Applicable,,,,Good Standing,New Mexico,Active,53-19-1 to 53-19-74,5926017,"3325 N. Enterprise Dr., Hobbs, NM 88240",,912,,,,,,,,,,,,,,,
1422203,Not Applicable,01/20/1989,,FOUR CORNERS MUSTANG & CLASSIC FORDS,Domestic Nonprofit Corporation,,"34 RD. 5151, BLOOMFIELD, NM 87413",NONE,"PRITCHARD, KEN","34 RD. 5151, BLOOMFIELD, NM 87413",Not Applicable,Not Applicable,Not Applicable,,,,Not in Good Standing,New Mexico,Revoked Final,53-8-1 to 53-8-99,1422203,,,912,,,,,,,,,,,,,,,
4865642,Not Applicable,01/28/2014,,JICARILLA MUSTANG HERITAGE ALLIANCE,Domestic Nonprofit Corporation,,"97 CR 5285, Bloomfield, NM 87413",NONE,BARBARA KIIPPER,"97 CR 5285, BLOOMFIELD, NM 87413",Not Applicable,Not Applicable,Not Applicable,"97 R 5285, Bloomfield, NM 87413",,,Good Standing,New Mexico,Active,53-8-1 to 53-8-99,4865642,,,912,,,,,,,,,,,,,,,
2378073,Not Applicable,09/04/2003,,"L & B MUSTANG ENTERPRISES, INC.",Domestic Profit Corporation,,"1202 N Avenida De Chamiso, Socorro, NM 87801",NONE,LESTER BRENNAN,"1202 AVENIDA DE CHAMISO, SOCORRO, NM 87801",Not Applicable,Not Applicable,Not Applicable,"1202 AVENIDA DE CHAMISO, Socorro, NM 87801",,,Good Standing,New Mexico,Active,53-11-1 to 53-18-12,2378073,,,912,,,,,,,,,,,,,,,
2348720,Not Applicable,05/27/2003,,MONERO MUSTANGS,Domestic Nonprofit Corporation,,"3910 NM ST RD 112, Tierra Amarilla, NM 87575",NONE,SANDRA J CLAYPOOL,"3910 NM ST RD 112, TIERRA AMARILLA, NM 87575",Not Applicable,Not Applicable,Not Applicable,"3910 NM ST RD 112, Tierra Amarilla, NM 87575",,,Good Standing,New Mexico,Active,53-8-1 to 53-8-99,2348720,,,912,,,,,,,,,,,,,,,
1418292,,03/01/2016,,BASHAS' INC.,Foreign Profit Corporation,,"PO BOX 488, Chandler, AZ 85244",NONE,C T CORPORATION SYSTEM,"206 S CORONADO AVE, ESPANOLA, NM 87532 - 2792",Not Applicable,"22402 S. BASHA ROAD, Chandler, AZ 85248",,"HWY 57 & INDIAN SERVICE RD 9, Crownpoint, NM 87313","22402 S BASHA ROAD, Chandler, AZ 85248",Not Applicable,Good Standing,Arizona,Active,53-17-1 to 53-17-20,1418292,,,920,,,,,,,,,,,,,,,
439927,Not Applicable,,,"ALBUQUERQUE GIANT VALUE STORE, INC.",Domestic Profit Corporation,,,,,,Not Applicable,Not Applicable,Not Applicable,,,,N/A,New Mexico,Voluntary Dissolution,53-11-1 to 53-18-12,439927,,,922,,,,,,,,,,,,,,,
5196558,,03/22/2016,,"ALLEGIANT AIR, LLC",Foreign Limited Liability Company,,,NONE,CORPORATION SERVICE COMPANY,"123 EAST MARCY STREET, SUITE 101, SANTA FE, NM 87501",Not Applicable,Not Applicable,,,"1201 NORTH TOWN CENTER DRIVE, LAS VEGAS, NV 89144",,Good Standing,Nevada,Active,53-19-1 to 53-19-74,5196558,,,922,,,,,,,,,,,,,,,
5730910,,08/23/2018,,"Allegiant Energy Production & Automation Services, LLC",Foreign Limited Liability Company,,"9940 W. RENO, SUITE 103, Oklahoma City, OK 73128","3773 Howard Hughes Parkway STE 500S, Las Vegas, NV 89169","INCORP SERVICES, INC.","1012 MARQUEZ PLACE STE 106-B, Santa Fe, NM 87505",Not Applicable,Not Applicable,,,,,Good Standing,Oklahoma,Active,53-19-1 to 53-19-74,5730910,"9940 W. RENO, SUITE 103, Oklahoma City, OK 73128",,922,,,,,,,,,,,,,,,
5717191,Not Applicable,08/02/2018,,Allegiant ERA Holdings LLC,Domestic Limited Liability Company,,,"906 W SECOND AVE STE 100, Spokane, WA 99201","NORTHWEST REGISTERED AGENT, INC.","530-B HARKLE ROAD, STE 100, Santa Fe, NM 87505",Not Applicable,Not Applicable,Not Applicable,,,,Good Standing,New Mexico,Active,53-19-1 to 53-19-74,5717191,"530-B HARKLE ROAD, STE 100, Santa Fe, NM 87505",,922,,,,,,,,,,,,,,,
2994473,,02/05/2008,,"ALLEGIANT FINANCIAL SERVICES, INC.",Foreign Profit Corporation,,"123 E MARCY ST, SANTA FE, NM 87501",NONE,BUSINESS FILINGS INCORPORATED,"123 E. MARCY ST., SANTA FE, NM 87501",Not Applicable,,,,,Not Applicable,Not in Good Standing,Florida,Revoked Final,53-17-1 to 53-17-20,2994473,,,922,,,,,,,,,,,,,,,
5652855,Not Applicable,04/17/2018,,Allegiant Global Holdings LLC,Domestic Limited Liability Company,,"4121-B Ellison NE, Albuquerque, NM 87109","4121-B Ellison NE, Albuquerque, NM 87109","BBV, INC.","4121-B Ellison NE, Albuquerque, NM 87109",Not Applicable,Not Applicable,Not Applicable,,,,Good Standing,New Mexico,Active,53-19-1 to 53-19-74,5652855,"4121-B Ellison NE, Albuquerque, NM 87109",,922,,,,,,,,,,,,,,,
5253640,Not Applicable,08/08/2016,,Allegiant Global Technologies LLC,Domestic Limited Liability Company,,"4121-B Ellison NE, Albuquerque, NM 87109","11020 RICHFIELD AVE. NE, ALBQUERQUE, NM 87122","BBV, INC.","11020 RICHFIELD AVE NE, ALBUQUERQUE, NM 87122",Not Applicable,Not Applicable,Not Applicable,,,,Good Standing,New Mexico,Active,53-19-1 to 53-19-74,5253640,"4121-B Ellison NE, Albuquerque, NM 87109",,922,,,,,,,,,,,,,,,
1663541,,04/11/1994,,"ALLEGIANT PHYSICIAN SERVICES, INC.",Foreign Profit Corporation,,,NONE,MERGED OUT OF EXISTENCE,"SEE FT11 FOR SERVICE OF PROCESS,",Not Applicable,,,,,Not Applicable,N/A,Delaware,Merged,53-17-1 to 53-17-20,1663541,,,922,,,,,,,,,,,,,,,
4295200,,02/25/2013,06/09/2016,"ALLEGIANT PROFESSIONAL BUSINESS SERVICES, INC.",Foreign Profit Corporation,,"771 E. ROUTE 70, D-100, MARLTON, NJ 08053",NONE,NATIONAL REGISTERED AGENT,"123 EAST MARCY, SANTA FE, NM 87501",Not Applicable,,,,,Not Applicable,Not in Good Standing,Nevada,Active,53-17-1 to 53-17-20,4295200,,,922,,,,,,,,,,,,,,,
5202507,Not Applicable,04/06/2016,,ALLEGIANT REALTY LLC,Domestic Limited Liability Company,,"6312 LOLA DR. NE, ALBUQUERQUE, NM 87109",NONE,DENISE ROLAND,"6312 LOLA DR. NE, ALBUQUERQUE, NM 87109",Not Applicable,Not Applicable,Not Applicable,,,,Good Standing,New Mexico,Active,53-19-1 to 53-19-74,5202507,"6312 LOLA DR. NE, ALBUQUERQUE, NM 87109",,922,,,,,,,,,,,,,,,
2324937,Not Applicable,02/21/2003,,"INDIAN COUNTRY TOBACCO, INC.",Domestic Profit Corporation,,"1000 E HIGHWAY 66, GALLUP, NM 87301",NONE,ARMAND ORTEGA,"1000 E. HWY. 66, GALLUP, NM 87301",Not Applicable,Not Applicable,Not Applicable,,,,N/A,New Mexico,Cancelled,53-11-1 to 53-18-12,2324937,,,923,,,,,,,,,,,,,,,
1396936,Not Applicable,06/13/1988,,"A-1 AUTO BROKERS, INC.",Domestic Profit Corporation,,"630 A MURRAY DRIVE, FARMINGTON, NM 87401",NONE,FORRESTER HORNE,"615 W. MAPLE STREET, P.O. BOX 3485, FARMINGTON, NM 87401",Not Applicable,Not Applicable,Not Applicable,,,,Not in Good Standing,New Mexico,Revoked Final,53-11-1 to 53-18-12,1396936,,,943,,,,,,,,,,,,,,,
5120861,Not Applicable,09/25/2015,,A1 AUTO CENTER L.L.C.,Domestic Limited Liability Company,,,NONE,EDWSON ESQUIVEL,"1242 SILER RD. SUITE 2, SANTA FE, NM 87507",Not Applicable,Not Applicable,Not Applicable,,,,N/A,New Mexico,Dissolved,53-19-1 to 53-19-74,5120861,"1242 SILER RD. SUITE 2, SANTA FE, NM 87507",,943,,,,,,,,,,,,,,,
5488257,Not Applicable,07/19/2017,,A1 AUTO CENTER LLC,Domestic Limited Liability Company,,"5326 JOSHUA LANE, Santa Fe, NM 87507","5326 JOSHUA LANE, Santa Fe, NM 87507",EDSON ESQUIVEL,"5326 JOSHUA LANE, Santa Fe, NM 87507",Not Applicable,Not Applicable,Not Applicable,,,,Good Standing,New Mexico,Active,53-19-1 to 53-19-74,5488257,"1242 SILER RD STE 2, Santa Fe, NM 87507",,943,,,,,,,,,,,,,,,
5374537,Not Applicable,01/29/2017,,"A-1 AUTO DETAIL AND REPAIR, LLC",Domestic Limited Liability Company,,"1809 LAMAR CR, Alamogordo, NM 88310","1809 LAMAR CR, Alamogordo, NM 88310",ROBERT WILLIAMS,"1809 LAMAR CR, Alamogordo, NM 88310",Not Applicable,Not Applicable,Not Applicable,,,,Good Standing,New Mexico,Active,53-19-1 to 53-19-74,5374537,"1809 LAMAR CR, Alamogordo, NM 88310",,943,,,,,,,,,,,,,,,
1149541,Not Applicable,07/28/1982,,"A-1 AUTO GLASS, INC.",Domestic Profit Corporation,,"11801 N. 19TH AVE., PHOENIX, AZ 85029",NONE,EVE KELLOFF,"1401 MESA VERDE, FARMINGTON, NM 87401",Not Applicable,Not Applicable,Not Applicable,,,,Not in Good Standing,New Mexico,Revoked Final,53-11-1 to 53-18-12,1149541,,,943,,,,,,,,,,,,,,,
757971,Not Applicable,02/07/1973,,"A-1 AUTO PARTS, INC.",Domestic Profit Corporation,,"2002 FULKERSON DRIVE, ROSWELL, NM 88203",NONE,W.C. KOGLIN,"2002 FULKERSON DRIVE, ROSWELL, NM 88203",Not Applicable,Not Applicable,Not Applicable,,,,Not in Good Standing,New Mexico,Revoked Final,53-11-1 to 53-18-12,757971,,,943,,,,,,,,,,,,,,,
2942316,Not Applicable,09/25/2007,,"A-1 AUTO REPAIR, LLC",Domestic Limited Liability Company,,"14122 STATE ROAD 75, PENASCO, NM 87553",NONE,ANDREW I. ROYBAL,"14122 STATE RAOD 75, PENASCO, NM 87553",Not Applicable,Not Applicable,Not Applicable,,,,Good Standing,New Mexico,Active,53-19-1 to 53-19-74,2942316,,,943,,,,,,,,,,,,,,,
5107385,Not Applicable,08/27/2015,,"A-1 AUTO SALES, LLC",Domestic Limited Liability Company,,,NONE,SAUL VARGAS,"1242 SILER STE. 3, SANTA FE, NM 87505",Not Applicable,Not Applicable,Not Applicable,,,,Good Standing,New Mexico,Active,53-19-1 to 53-19-74,5107385,"1242 SILER STE. 3, SANTA FE, NM 87505",,943,,,,,,,,,,,,,,,
2158855,Not Applicable,04/02/2001,,"A-1 AUTO SALVAGE, INC.",Domestic Profit Corporation,,"3231 COORS BLVD SW STE 21, Albuquerque, NM 87121",NONE,SUE GRANTZ,"3231 COORS BLVD SW STE 21, ALBUQUERQUE, NM 87121",Not Applicable,Not Applicable,Not Applicable,"3231 COORS BLVD SW, Albuquerque, NM 87121",,,Good Standing,New Mexico,Active,53-11-1 to 53-18-12,2158855,,,943,,,,,,,,,,,,,,,
2966927,Not Applicable,11/29/2007,,"A-1 AUTO SOLUTIONS, LLC",Domestic Limited Liability Company,,"119 DALLAS N.E., ALBUQUERQUE, NM 87108",NONE,GAVIN CHRISTOPHER CASEY,"119 DALLAS N.E., ALBUQUERQUE, NM 87108",Not Applicable,Not Applicable,Not Applicable,,,,Good Standing,New Mexico,Active,53-19-1 to 53-19-74,2966927,,,943,,,,,,,,,,,,,,,
2862712,Not Applicable,04/04/2007,,"""HANDS ON"" MOBILE MASSAGE, LLC",Domestic Limited Liability Company,,"1200 BETTS ST NE, ALBUQUERQUE, NM 87112",NONE,LESLIE COLLEEN ALLEMAND,"1200 BETTS ST NE, ALBUQUERQUE, NM 87112",Not Applicable,Not Applicable,Not Applicable,,,,Good Standing,New Mexico,Active,53-19-1 to 53-19-74,2862712,,,950,,,,,,,,,,,,,,,
548503,Not Applicable,09/09/1965,,"""SAN JUAN MOBILE HOMES, INC.""",Domestic Profit Corporation,,"948 EAST MAIN STREET, FARMINGTON, NM 87401",NONE,L. D. BRIDGES,"948 EAST MAIN STREET, FARMINGTON, NM 87401",Not Applicable,Not Applicable,Not Applicable,,,,Not in Good Standing,New Mexico,Revoked Final,53-11-1 to 53-18-12,548503,,,950,,,,,,,,,,,,,,,
5227488,Not Applicable,06/07/2016,,"118 Ortega Road NW Mobile Home Park, LLC",Domestic Limited Liability Company,,,NONE,Ashok Kaushal,"8512 Snakedance Ct NE, Albuquerque, NM 87111",Not Applicable,Not Applicable,Not Applicable,,,,Good Standing,New Mexico,Active,53-19-1 to 53-19-74,5227488,"8512 Snakedance Ct NE, Albuquerque, NM 87111",,950,,,,,,,,,,,,,,,
2546117,Not Applicable,01/19/2005,01/31/2007,"1205 HUPMOBILE, L.L.C.",Domestic Limited Liability Company,,"6165 CORRALES ROAD, CORRALES, NM 87048",NONE,MIKE BORNFIELD,"6165 CORRALES ROAD, CORRALES, NM 87048",Not Applicable,Not Applicable,Not Applicable,,,,Not in Good Standing,New Mexico,Revoked Final,53-19-1 to 53-19-74,2546117,,,950,,,,,,,,,,,,,,,
5528771,,09/27/2017,,20/20 MOBILE CORP,Foreign Profit Corporation,,"3380 La Sierra Ave, Ste 104-693, Riverside, CA 92503","25 ROBERT PITT DRIVE, SUITE 204, Monsey, NY 10952","VCORP AGENT SERVICES, INC.","1012 MARQUEZ PL., SUITE 106-B, Santa Fe, NM 87505",Not Applicable,"3380 La Sierra Ave, Ste 104-693, Riverside, CA 92503","10050 Magnolia Ave., Riverside, CA 92503",,"9934 Sierra Ave, Fontana, CA 92335",Not Applicable,Good Standing,California,Active,53-17-1 to 53-17-20,5528771,,,950,,,,,,,,,,,,,,,
4471074,Not Applicable,07/18/2011,,3 BEEZ MOBILE PHOTOZ LLC,Domestic Limited Liability Company,,"6420 BOSQUE MEADOWS PL. NW, ALBUQUERQUE, NM 87120",NONE,"UNITED STATES CORPORATION AGENTS, INC.","4801 LANG AVE. STE. 110, ALBUQUERQUE, NM 87109",Not Applicable,Not Applicable,Not Applicable,,,,N/A,New Mexico,Dissolved,53-19-1 to 53-19-74,4471074,,,950,,,,,,,,,,,,,,,
1115641,,10/09/1981,,"3D MOBILE HOME SALES, INC.",Foreign Profit Corporation,,"1491 HWY 50, DELTA, CO 81416",NONE,DICK ROBERTSON,"ROUTE 1 BOX 313HP.O. BOX 818, ARTESIA, NM 88210",Not Applicable,,,,,Not Applicable,Not in Good Standing,Colorado,Revoked Final,53-17-1 to 53-17-20,1115641,,,950,,,,,,,,,,,,,,,
1071240,Not Applicable,09/22/1980,,4-HILLS MOBILE HOME PARK TENANTS ASSOCIATION,Domestic Nonprofit Corporation,,"12300 SINGING ARROW, ALBUQUERQUE, NM 87123",NONE,BETTY ZIMMERMAN,"500 TRADING POST TRAIL SE, ALBUQUERQUE, NM 87123",Not Applicable,Not Applicable,Not Applicable,,,,Not in Good Standing,New Mexico,Revoked Final,53-8-1 to 53-8-99,1071240,,,950,,,,,,,,,,,,,,,
1908532,Not Applicable,12/24/1997,,"4-S MOBILE HOME REPAIR, INC.",Domestic Profit Corporation,,"11209 SHADOW MOUNTAIN NE, ALBUQUERQUE, NM 87123",NONE,SCOTT DODD,"11520 COCHITI RD SE, ALBUQUERQUE, NM 87123",Not Applicable,Not Applicable,Not Applicable,,,,Not in Good Standing,New Mexico,Revoked Final,53-11-1 to 53-18-12,1908532,,,950,,,,,,,,,,,,,,,
4921704,Not Applicable,06/05/2014,,4TH AND BELLAMAH MOBILE FOOD UNIT COMMISARY LLC,Domestic Limited Liability Company,,"9131 Autumn Rose Drive NE, Albuquerque, NM 87113",NONE,LORA ANN ZAMORA,"1601 4TH STREET NW, ALBUQUERQUE, NM 87102",Not Applicable,Not Applicable,Not Applicable,,,,Good Standing,New Mexico,Active,53-19-1 to 53-19-74,4921704,"1601 4TH STREET NW, Albuquerque, NM 87102",,950,,,,,,,,,,,,,,,
828871,Not Applicable,01/27/1975,,"BIEN MUR INDIAN MARKET CENTER, INC.",Domestic Profit Corporation,,"2730 SAN PEDRO NE/SUITE D, ALBUQUERQUE, NM 87110",NONE,MARSHA ADAMS,"10524 ROYAL TROON, ALBUQUERQUE, NM 87111",Not Applicable,Not Applicable,Not Applicable,,,,Not in Good Standing,New Mexico,Revoked Final,53-11-1 to 53-18-12,828871,,,954,,,,,,,,,,,,,,,
4857429,Not Applicable,01/13/2014,,"SHIPROCK EXPRESS LUBE, LLC",Domestic Limited Liability Company,,,NONE,RAYMOND MENDOZA,"U.S. 491, SHIPROCK, NM 87420",Not Applicable,Not Applicable,Not Applicable,,,,Good Standing,New Mexico,Active,53-19-1 to 53-19-74,4857429,"U.S. 491, SHIPROCK, NM 87420",,968,,,,,,,,,,,,,,,
2205300,Not Applicable,10/30/2001,,"SHIPROCK EXPRESS MANAGEMENT, INC.",Domestic Profit Corporation,,"4770 WESTWIND AVENUE, FARMINGTON, NM 87401",NONE,KURT A. SOMMER,"200 WEST MARCY, STE. 129, SANTA FE, NM 87501",Not Applicable,Not Applicable,Not Applicable,,,,Not in Good Standing,New Mexico,Revoked Final,53-11-1 to 53-18-12,2205300,,,968,,,,,,,,,,,,,,,
2203792,Not Applicable,10/22/2001,,"SHIPROCK EXPRESS, L.L.C.",Domestic Limited Liability Company,,"710 EAST 20TH ST., FARMINGTON, NM 87401",NONE,"KURT A. SOMMER, ESQ.","200 WEST MARCY ST, STE 129, SANTA FE, NM 87501",Not Applicable,Not Applicable,Not Applicable,,,,Good Standing,New Mexico,Active,53-19-1 to 53-19-74,2203792,,,968,,,,,,,,,,,,,,,
2570562,Not Applicable,04/12/2005,,CITY DIFFERENT MARKETING LLC,Domestic Limited Liability Company,,"985 AGUA FRIA ST UNIT 112, SANTA FE, NM 87501",NONE,PAMELLA A. NEELY,"985 AGUA FRIA ST UNIT 112, SANTA FE, NM 87501",Not Applicable,Not Applicable,Not Applicable,,,,Good Standing,New Mexico,Active,53-19-1 to 53-19-74,2570562,,,1001,,,,,,,,,,,,,,,
2435345,Not Applicable,02/25/2004,05/04/2019,"CITY MARKET LOFTS ASSOCIATION, INC.",Domestic Nonprofit Corporation,,"401 CENTRAL AVE NE, Albuquerque, NM 87102",NONE,CHARLES PRICE,"401 CENTRAL AVE NE, Albuquerque, NM 87102",Not Applicable,Not Applicable,Not Applicable,"401 CENTRAL AVE NE, Albuquerque, NM 87102",,,Not in Good Standing,New Mexico,Active,53-8-1 to 53-8-99,2435345,,,1001,,,,,,,,,,,,,,,
655852,,01/26/1970,,"CITY MARKET, INC.",Foreign Profit Corporation,,,NONE,MERGED OUT OF EXISTENCE,"SEE FT11 FOR SERVICE OF PROCESS,",Not Applicable,,,,,Not Applicable,N/A,Colorado,Merged,53-17-1 to 53-17-20,655852,,,1001,,,,,,,,,,,,,,,
5423635,Not Applicable,12/04/2017,,"Crown City Market, LLC",Domestic Limited Liability Company,,"P.O. Box 81, Corona, NM 88318","P.O. Box 81, Corona, NM 88318",Eric Anderson,"701 Main Street, Corona, NM 88318",Not Applicable,Not Applicable,Not Applicable,,,,Good Standing,New Mexico,Active,53-19-1 to 53-19-74,5423635,"701 Main Street, Corona, NM 88318",,1001,,,,,,,,,,,,,,,
Not Applicable,Not Applicable,,,"Crown City Market, LLC",Domestic Limited Liability Company,,,,,,,,,,,,N/A,New Mexico,Expired,53-19-1 to 53-19-74,N/A,,,1001,Eric Anderson,,NONE,,"PO BOX 81, Corona, NM 88318",,00000002798,Organizer,,,,,,,
4254967,Not Applicable,01/08/2010,,SILVER CITY FARMER'S MARKET,Domestic Nonprofit Corporation,,"P.O. BOX 303, Silver City, NM 88062",NONE,PETER DAY,"2127 COTTAGE SAN RD, SILVER CITY, NM 88061",Not Applicable,Not Applicable,Not Applicable,"700 North bullard St, Silver City, NM 88061",,,Good Standing,New Mexico,Active,53-8-1 to 53-8-99,4254967,,,1001,,,,,,,,,,,,,,,
4430997,Not Applicable,04/12/2011,04/13/2018,"STEEL CITY MARKETING, SALES AND CONSULTING SERVICES LLC",Domestic Limited Liability Company,,"9674 BELLA CITTA STREET, LAS VEGAS, NV 89178",NONE,UCC SEARCH INC,"1012 MARQUEZ PLACE STE. 106-B, SANTA FE, NM 87505",Not Applicable,Not Applicable,Not Applicable,,,,N/A,New Mexico,Dissolved,53-19-1 to 53-19-74,4430997,,,1001,,,,,,,,,,,,,,,
1270636,Not Applicable,05/28/1985,,"SUN CITY MARKETING CONSULTANTS, INC.",Domestic Profit Corporation,,"3700 COORS RD. NW, SUITE F, ALBUQUERQUE, NM 87120",NONE,B. CULLEN HALLMARK,"200 W. MARCY, PO BOX 1663, SANTA FE, NM 87501",Not Applicable,Not Applicable,Not Applicable,,,,Not in Good Standing,New Mexico,Revoked Final,53-11-1 to 53-18-12,1270636,,,1001,,,,,,,,,,,,,,,
2035657,Not Applicable,10/01/1999,,"""NATIVE AMERICAN MUSTANG EVANGELISM""",Domestic Nonprofit Corporation,,"PO BOX 192, Navajo, NM 87328",NONE,ARNOLD D YAZZIE - 3.5 MI N OF FT DEFIANCE AZ INDIAN RT 12 IN TUNNEL,"SPRINGS CHURCH SITE/ PO BOX 192, NAVAJO, NM 87328",Not Applicable,Not Applicable,Not Applicable,"3.5 MILES NORTH OF F. DEFIANCE, AZ, ON INDIAN RT 12, Navajo, NM 87328",,,Good Standing,New Mexico,Active,53-8-1 to 53-8-99,2035657,,,1002,,,,,,,,,,,,,,,
4206579,Not Applicable,07/28/2009,,67 MUSTANG FASTBACK LLC,Domestic Limited Liability Company,,"APARTADO DE CORREOS 2 MORRO DEL JAB, LAS PALMAS, 35626ESP",NONE,RIO GRANDE TRUST LC,"2587 CAMINO CHUECO, SANTA FE, NM 87505",Not Applicable,Not Applicable,Not Applicable,,,,Good Standing,New Mexico,Active,53-19-1 to 53-19-74,4206579,,,1002,,,,,,,,,,,,,,,
2616308,Not Applicable,07/18/2012,,"ALAMOGORDO MUSTANG CLUB, INC.",Domestic Nonprofit Corporation,,"P.O. BOX 2903, Alamogordo, NM 88310","250 PALO DURO, Alamogordo, NM 88310",GARY MISENER,"250 PALO DURO, Alamogordo, NM 88310",Not Applicable,Not Applicable,Not Applicable,"250 PALO DURO, Alamogordo, NM 88310",,,Good Standing,New Mexico,Active,53-8-1 to 53-8-99,2616308,,,1002,,,,,,,,,,,,,,,
681619,Not Applicable,11/25/1970,,ALBUQUERQUE MUSTANG CLUB,Domestic Nonprofit Corporation,,"5301 JESSIE DRIVE, NE, ALBUQUERQUE, NM 87111",NONE,ROBERT H. MILLER,"5301 JESSIE DRIVE, NE, ALBUQUERQUE, NM 87111",Not Applicable,Not Applicable,Not Applicable,,,,Not in Good Standing,New Mexico,Revoked Final,53-8-1 to 53-8-99,681619,,,1002,,,,,,,,,,,,,,,
1923374,Not Applicable,03/27/1998,,"DAVE'S MUSTANG PARTS AND SALES, INC.",Domestic Profit Corporation,,"5124 2ND ST NW, ALBUQUERQUE, NM 87107",NONE,DAVID MURPHY,"5124 2ND STREET NW, ALBUQUERQUE, NM 87107",Not Applicable,Not Applicable,Not Applicable,,,,Not in Good Standing,New Mexico,Revoked Final,53-11-1 to 53-18-12,1923374,,,1002,,,,,,,,,,,,,,,
5926017,Not Applicable,06/11/2019,,"Flying Mustang, LLC",Domestic Limited Liability Company,,"P.O. Box 1708, Hobbs, NM 88241","1419 W. CAMINO DEL ARCO, Hobbs, NM 88240",ERIN SMITH,"1419 W. CAMINO DEL ARCO, Hobbs, NM 88240",Not Applicable,Not Applicable,Not Applicable,,,,Good Standing,New Mexico,Active,53-19-1 to 53-19-74,5926017,"3325 N. Enterprise Dr., Hobbs, NM 88240",,1002,,,,,,,,,,,,,,,
1422203,Not Applicable,01/20/1989,,FOUR CORNERS MUSTANG & CLASSIC FORDS,Domestic Nonprofit Corporation,,"34 RD. 5151, BLOOMFIELD, NM 87413",NONE,"PRITCHARD, KEN","34 RD. 5151, BLOOMFIELD, NM 87413",Not Applicable,Not Applicable,Not Applicable,,,,Not in Good Standing,New Mexico,Revoked Final,53-8-1 to 53-8-99,1422203,,,1002,,,,,,,,,,,,,,,
4865642,Not Applicable,01/28/2014,,JICARILLA MUSTANG HERITAGE ALLIANCE,Domestic Nonprofit Corporation,,"97 CR 5285, Bloomfield, NM 87413",NONE,BARBARA KIIPPER,"97 CR 5285, BLOOMFIELD, NM 87413",Not Applicable,Not Applicable,Not Applicable,"97 R 5285, Bloomfield, NM 87413",,,Good Standing,New Mexico,Active,53-8-1 to 53-8-99,4865642,,,1002,,,,,,,,,,,,,,,
2378073,Not Applicable,09/04/2003,,"L & B MUSTANG ENTERPRISES, INC.",Domestic Profit Corporation,,"1202 N Avenida De Chamiso, Socorro, NM 87801",NONE,LESTER BRENNAN,"1202 AVENIDA DE CHAMISO, SOCORRO, NM 87801",Not Applicable,Not Applicable,Not Applicable,"1202 AVENIDA DE CHAMISO, Socorro, NM 87801",,,Good Standing,New Mexico,Active,53-11-1 to 53-18-12,2378073,,,1002,,,,,,,,,,,,,,,
2348720,Not Applicable,05/27/2003,,MONERO MUSTANGS,Domestic Nonprofit Corporation,,"3910 NM ST RD 112, Tierra Amarilla, NM 87575",NONE,SANDRA J CLAYPOOL,"3910 NM ST RD 112, TIERRA AMARILLA, NM 87575",Not Applicable,Not Applicable,Not Applicable,"3910 NM ST RD 112, Tierra Amarilla, NM 87575",,,Good Standing,New Mexico,Active,53-8-1 to 53-8-99,2348720,,,1002,,,,,,,,,,,,,,,
1223940,Not Applicable,05/11/1984,,"RED MESA TRADING CO., INC.",Domestic Profit Corporation,,"501 AIRPORT DR, STE 100, Farmington, NM 87401",NONE,ROBERT G MOSS,"501 AIRPORT DR, STE 100, FARMINGTON, NM 87401",Not Applicable,Not Applicable,Not Applicable,"501 AIRPORT DR, STE 100, Farmington, NM 87401",,,Good Standing,New Mexico,Active,53-11-1 to 53-18-12,1223940,,,1003,,,,,,,,,,,,,,,
973560,Not Applicable,07/26/1978,,"RED ROCK PACKAGE & LOUNGE, INC.",Domestic Profit Corporation,,"1611 HELENA DRIVE, GALLUP, NM 87301",NONE,CLARENCE THOMPSON,"1611 HELENA DRIVE, GALLUP, NM 87301",Not Applicable,Not Applicable,Not Applicable,,,,Not in Good Standing,New Mexico,Revoked Final,53-11-1 to 53-18-12,973560,,,1941,,,,,,,,,,,,,,,
1840370,Not Applicable,01/13/1997,,LA CHIRIPADA LTD. CO.,Domestic Limited Liability Company,,"HIGHWAY 75, ROAD 1119, Dixon, NM 87527",NONE,MICHAEL R. JOHNSON,"HIGHWAY 75, ROAD 1119, DIXON, NM 87527",Not Applicable,Not Applicable,Not Applicable,,,,Good Standing,New Mexico,Active,53-19-1 to 53-19-74,1840370,"HIGHWAY 75, ROAD 1119, Dixon, NM 87527",,1950,,,,,,,,,,,,,,,
1558279,Not Applicable,03/13/1992,,"LA CHIRIPADA, INCORPORATED",Domestic Profit Corporation,,"608-A LA JOYA ST., ESPANOLA, NM 87532",NONE,MICHAEL R. JOHNSON,"608-A LA JOYA ST., ESPANOLA, NM 87532",Not Applicable,Not Applicable,Not Applicable,,,,Not in Good Standing,New Mexico,Revoked Final,53-11-1 to 53-18-12,1558279,,,1950,,,,,,,,,,,,,,,
2590172,Not Applicable,05/16/2005,,EL PRADO LIQUOR STORE LLC,Domestic Limited Liability Company,,"P.O. BOX 1018, TAOS, NM 87529",NONE,TELESFOR R. GONZALES,"1102 PASEO DEL PUEBLO NORTE, TAOS, NM 87529",Not Applicable,Not Applicable,Not Applicable,,,,Good Standing,New Mexico,Active,53-19-1 to 53-19-74,2590172,,,1952,,,,,,,,,,,,,,,
5100011,Not Applicable,08/11/2015,,"VAPE TAOS, LLC",Domestic Limited Liability Company,,,NONE,NICHOLAS DONALD BRAINARD JR.,"102 C PASEO DEL PUEBLO NORTE, TAOS, NM 87571",Not Applicable,Not Applicable,Not Applicable,,,,Good Standing,New Mexico,Active,53-19-1 to 53-19-74,5100011,"102 C PASEO DEL PUEBLO NORTE, TAOS, NM 87571",,1998,,,,,,,,,,,,,,,
1507490,Not Applicable,01/07/1991,,"CID'S FOOD MARKET, INC.",Domestic Profit Corporation,,"623 PASEO DEL PUEBLO NORTE, Taos, NM 87571",NONE,"ROBERT E BACKER, PO BOX 406, EL PRADO","316 SPRUCE LN, TAOS, NM 87571",Not Applicable,Not Applicable,Not Applicable,"623 PASEO DEL PUEBLO NORTE, Taos, NM 87571",,,Good Standing,New Mexico,Active,53-11-1 to 53-18-12,1507490,,,2023,,,,,,,,,,,,,,,
2570562,Not Applicable,04/12/2005,,CITY DIFFERENT MARKETING LLC,Domestic Limited Liability Company,,"985 AGUA FRIA ST UNIT 112, SANTA FE, NM 87501",NONE,PAMELLA A. NEELY,"985 AGUA FRIA ST UNIT 112, SANTA FE, NM 87501",Not Applicable,Not Applicable,Not Applicable,,,,Good Standing,New Mexico,Active,53-19-1 to 53-19-74,2570562,,,2069,,,,,,,,,,,,,,,
2435345,Not Applicable,02/25/2004,05/04/2019,"CITY MARKET LOFTS ASSOCIATION, INC.",Domestic Nonprofit Corporation,,"401 CENTRAL AVE NE, Albuquerque, NM 87102",NONE,CHARLES PRICE,"401 CENTRAL AVE NE, Albuquerque, NM 87102",Not Applicable,Not Applicable,Not Applicable,"401 CENTRAL AVE NE, Albuquerque, NM 87102",,,Not in Good Standing,New Mexico,Active,53-8-1 to 53-8-99,2435345,,,2069,,,,,,,,,,,,,,,
655852,,01/26/1970,,"CITY MARKET, INC.",Foreign Profit Corporation,,,NONE,MERGED OUT OF EXISTENCE,"SEE FT11 FOR SERVICE OF PROCESS,",Not Applicable,,,,,Not Applicable,N/A,Colorado,Merged,53-17-1 to 53-17-20,655852,,,2069,,,,,,,,,,,,,,,
5423635,Not Applicable,12/04/2017,,"Crown City Market, LLC",Domestic Limited Liability Company,,"P.O. Box 81, Corona, NM 88318","P.O. Box 81, Corona, NM 88318",Eric Anderson,"701 Main Street, Corona, NM 88318",Not Applicable,Not Applicable,Not Applicable,,,,Good Standing,New Mexico,Active,53-19-1 to 53-19-74,5423635,"701 Main Street, Corona, NM 88318",,2069,,,,,,,,,,,,,,,
Not Applicable,Not Applicable,,,"Crown City Market, LLC",Domestic Limited Liability Company,,,,,,,,,,,,N/A,New Mexico,Expired,53-19-1 to 53-19-74,N/A,,,2069,Eric Anderson,,NONE,,"PO BOX 81, Corona, NM 88318",,00000002798,Organizer,,,,,,,
4254967,Not Applicable,01/08/2010,,SILVER CITY FARMER'S MARKET,Domestic Nonprofit Corporation,,"P.O. BOX 303, Silver City, NM 88062",NONE,PETER DAY,"2127 COTTAGE SAN RD, SILVER CITY, NM 88061",Not Applicable,Not Applicable,Not Applicable,"700 North bullard St, Silver City, NM 88061",,,Good Standing,New Mexico,Active,53-8-1 to 53-8-99,4254967,,,2069,,,,,,,,,,,,,,,
4430997,Not Applicable,04/12/2011,04/13/2018,"STEEL CITY MARKETING, SALES AND CONSULTING SERVICES LLC",Domestic Limited Liability Company,,"9674 BELLA CITTA STREET, LAS VEGAS, NV 89178",NONE,UCC SEARCH INC,"1012 MARQUEZ PLACE STE. 106-B, SANTA FE, NM 87505",Not Applicable,Not Applicable,Not Applicable,,,,N/A,New Mexico,Dissolved,53-19-1 to 53-19-74,4430997,,,2069,,,,,,,,,,,,,,,
1270636,Not Applicable,05/28/1985,,"SUN CITY MARKETING CONSULTANTS, INC.",Domestic Profit Corporation,,"3700 COORS RD. NW, SUITE F, ALBUQUERQUE, NM 87120",NONE,B. CULLEN HALLMARK,"200 W. MARCY, PO BOX 1663, SANTA FE, NM 87501",Not Applicable,Not Applicable,Not Applicable,,,,Not in Good Standing,New Mexico,Revoked Final,53-11-1 to 53-18-12,1270636,,,2069,,,,,,,,,,,,,,,
2986297,Not Applicable,01/08/2008,,3520 SMITH ST SE LLC,Domestic Limited Liability Company,,"619 CAMINO SANTA ANA, SANTA FE, NM 87505",NONE,DEBORAH SHAPIRO,"619 CAMINO SANTA ANA, SANTA FE, NM 87505",Not Applicable,Not Applicable,Not Applicable,,,,Good Standing,New Mexico,Active,53-19-1 to 53-19-74,2986297,,,2123,,,,,,,,,,,,,,,
4962745,Not Applicable,09/16/2014,,"505 LOCKSMITH SERVICES, LLC",Domestic Limited Liability Company,,,NONE,STEVEN M. QUIMET,"5370 SAN MATEO BLVD NE A-13, ALBUQUERQUE, NM 87109",Not Applicable,Not Applicable,Not Applicable,,,,Good Standing,New Mexico,Active,53-19-1 to 53-19-74,4962745,"5370 SAN MATEO BLVD NE A-13, ALBUQUERQUE, NM 87109",,2123,,,,,,,,,,,,,,,
2339901,Not Applicable,04/14/2003,,"ASSOCIATED LOCKSMITHS OF NEW MEXICO, INC.",Domestic Nonprofit Corporation,,"4318 SILVER SE, ALBUQUERQUE, NM 87108",NONE,BRIAN SWEENEY,"4318 SILVER SE, ALBUQUERQUE, NM 87108",Not Applicable,Not Applicable,Not Applicable,,,,Not in Good Standing,New Mexico,Revoked,53-8-1 to 53-8-99,2339901,,,2123,,,,,,,,,,,,,,,
2030286,Not Applicable,09/09/1999,,"BUCCANEER CODESMITHS, INC.",Domestic Profit Corporation,,"409 SERENITY COURT SE, ALBUQUERQUE, NM 87123",NONE,FORD V. TIMMS,"409 SERENITY COURT SE, ALBUQUERQUE, NM 87123",Not Applicable,Not Applicable,Not Applicable,,,,Not in Good Standing,New Mexico,Revoked Final,53-11-1 to 53-18-12,2030286,,,2123,,,,,,,,,,,,,,,
750968,Not Applicable,11/29/1972,,CECIL SMITHSON CO.,Domestic Profit Corporation,,"900 GRIEGOS RD NW, ALBUQUERQUE, NM 87100",NONE,CECIL SMITHSON,"900 GRIEGOS RD NW, ALBUQUERQUE, NM 87100",Not Applicable,Not Applicable,Not Applicable,,,,Good Standing,New Mexico,Involuntarily Stricken,53-11-1 to 53-18-12,750968,,,2123,,,,,,,,,,,,,,,
1253715,,01/07/1985,,CONWELL SMITH SALES CO.,Foreign Profit Corporation,,"P.O. BOX 1551, AUSTIN, TX 78767",NONE,SECRETARY OF STATE,"EXECUTIVE-LEGISLATIVE BUILDING, SANTA FE, NM 87503",Not Applicable,,,,,Not Applicable,Good Standing,Texas,Withdrawal,53-17-1 to 53-17-20,1253715,,,2123,,,,,,,,,,,,,,,
4862961,Not Applicable,01/24/2014,,"DAVE'S GUNSMITH SHOP, LLC",Domestic Limited Liability Company,,,NONE,DAVID R. HERRINGTON,"550 ICE PLANT RD. EAST, MCINTOSH, NM 87032",Not Applicable,Not Applicable,Not Applicable,,,,Good Standing,New Mexico,Active,53-19-1 to 53-19-74,4862961,"550 ICE PLANT RD. EAST, MCINTOSH, NM 87032",,2123,,,,,,,,,,,,,,,
2662781,Not Applicable,12/01/2005,,DOUG SMITH SURVEYING INC.,Domestic Profit Corporation,,"5425 Rayito Del Luna NE, Albuquerque, NM 87111",NONE,DOUG SMITH,"2121 SAN MATEO, ALBUQUERQUE, NM 87110",Not Applicable,Not Applicable,Not Applicable,"5425 Rayito Del Luna NE, Albuquerque, NM 87111",,,Good Standing,New Mexico,Active,53-11-1 to 53-18-12,2662781,,,2123,,,,,,,,,,,,,,,
1659556,Not Applicable,03/14/1994,,"DOUG SMITH SURVEYING, INC.",Domestic Profit Corporation,,"2121 SAN MATEO, N.E., ALBUQUERQUE, NM 87110",NONE,DOUGLAS H SMITH,"2121 SAN MATEO, N.E., ALBUQUERQUE, NM 87110",Not Applicable,Not Applicable,Not Applicable,,,,Not in Good Standing,New Mexico,Revoked Final,53-11-1 to 53-18-12,1659556,,,2123,,,,,,,,,,,,,,,
4366985,Not Applicable,01/28/2015,05/18/2016,ELEPHANT BUTTE LOCKSMITH SERVICES LLC,Domestic Limited Liability Company,,"610 N. CEDAR STREET, T OR C, NM 87901",NONE,WALTER D BLANK,"807 WARMSPRINGS, ELEPHANT BUTTE, NM 87935",Not Applicable,Not Applicable,Not Applicable,,,,Not in Good Standing,New Mexico,Active,53-19-1 to 53-19-74,4366985,,,2123,,,,,,,,,,,,,,,
4621336,Not Applicable,06/28/2012,,"ALGRANO PEANUT SHELLING, LLC",Domestic Limited Liability Company,,,NONE,TOMMY D. PARKER,"235 E BENDER STE 150, HOBBS, NM 88240",Not Applicable,Not Applicable,Not Applicable,,,,Good Standing,New Mexico,Active,53-19-1 to 53-19-74,4621336,"326 SOUTH ROOSEVELT RD R, PORTALES, NM 88130",,2184,,,,,,,,,,,,,,,
1575109,Not Applicable,07/28/1992,,BATTERSHELL INC.,Domestic Profit Corporation,,"P O BOX 965, Corrales, NM 87048",NONE,JAY BATTERSHELL,"456 CABEZON RD, CORRALES, NM 87048",Not Applicable,Not Applicable,Not Applicable,"456 CABEZON RD, Corrales, NM 87048",,,Good Standing,New Mexico,Active,53-11-1 to 53-18-12,1575109,,,2184,,,,,,,,,,,,,,,
2479145,Not Applicable,07/15/2004,,BLUE SHELL LLC,Domestic Limited Liability Company,,"4601 E. MAIN ST. #5521, FARMINGTON, NM 87402",NONE,KAREN S. COY,"95 RD. 3100, AZTEC, NM 87410",Not Applicable,Not Applicable,Not Applicable,,,,Good Standing,New Mexico,Active,53-19-1 to 53-19-74,2479145,,,2184,,,,,,,,,,,,,,,
5016770,Not Applicable,02/05/2015,,BOMBSHELL SALON LLC,Domestic Limited Liability Company,,,NONE,MARISSA SANCHEZ,"6910 MONTGOMERY BLVD, ALBUQUERQUE, NM 87109",Not Applicable,Not Applicable,Not Applicable,,,,Good Standing,New Mexico,Active,53-19-1 to 53-19-74,5016770,"6910 MONTGOMERY BLVD, ALBUQUERQUE, NM 87109",,2184,,,,,,,,,,,,,,,
5901294,Not Applicable,05/07/2019,,Bombshell’s Beauty Bar LC,Domestic Limited Liability Company,,"601 90th street nw apt6306, Albuquerque, NM 87121","601 90th street nw apt 6306, Albuquerque, NM 87121",Shelley Renee Chavez,"2929 Coors Blvd NW, Albuquerque, NM 87120",Not Applicable,Not Applicable,Not Applicable,,,,Good Standing,New Mexico,Active,53-19-1 to 53-19-74,5901294,"2929 Coors Blvd NW, Albuquerque, NM 87120",,2184,,,,,,,,,,,,,,,
5936420,,06/25/2019,,Books by the Bushel LLC,Foreign Limited Liability Company,,,"906 W SECOND AVE STE 100, Spokane, WA 99201","NORTHWEST REGISTERED AGENT, INC.","530-B HARKLE ROAD, STE 100, Santa Fe, NM 87505",Not Applicable,Not Applicable,,,,,Good Standing,Ohio,Active,53-19-1 to 53-19-74,5936420,"164 Subler Drive, Versailles, OH 45380",,2184,,,,,,,,,,,,,,,
4279469,,02/25/2013,,C-SHELLS LLC,Foreign Limited Liability Company,,"4943 N 29TH E STE A, IDAHO FALLS, ID 83401",NONE,"NATIONAL REGISTERED AGENTS, INC.","123 EAST MARCY, SANTA FE, NM 87501",Not Applicable,Not Applicable,,,,,N/A,Idaho,Cancellation Of Registration,53-19-1 to 53-19-74,4279469,,,2184,,,,,,,,,,,,,,,
5850673,Not Applicable,03/08/2019,,"Daddy Daughter Shell Art, LLC",Domestic Limited Liability Company,"1501 W Jaffa, Roswell, NM 88203","1501 W Jaffa, Roswell, NM 88203","1501 W Jaffa, Roswell, NM 88203",Matthew S Summers-Callaway,,Not Applicable,Not Applicable,Not Applicable,,,,Good Standing,New Mexico,Active,53-19-1 to 53-19-74,5850673,"1501 W Jaffa, Roswell, NM 88203",,2184,,,,,,,,,,,,,,,
4335972,Not Applicable,08/19/2010,,"EGGSHELL, LLC",Domestic Limited Liability Company,,"132 N. WALL, FARMINGTON, NM 87401",NONE,GOLDEN RULE LLC,"132 N. WALL, FARMINGTON, NM 87401",Not Applicable,Not Applicable,Not Applicable,,,,Good Standing,New Mexico,Active,53-19-1 to 53-19-74,4335972,,,2184,,,,,,,,,,,,,,,
748087,Not Applicable,10/27/1972,,"ESTHER - SHELL ENTERPRISES, INC.",Domestic Profit Corporation,,"5801 MENAUL NE, ALBUQUERQUE, NM 87100",NONE,SHELLEY B BURT III,"5801 MENAUL NE, ALBUQUERQUE, NM 87100",Not Applicable,Not Applicable,Not Applicable,,,,Not in Good Standing,New Mexico,Revoked Final,53-11-1 to 53-18-12,748087,,,2184,,,,,,,,,,,,,,,
424416,Not Applicable,03/01/2016,,"ALLSUP'S CONVENIENCE STORES, INC.",Domestic Profit Corporation,,"P O Box 1907, Clovis, NM 88102 - 1907",NONE,C T CORPORATION SYSTEM,"206 S CORONADO AVE, ESPANOLA, NM 87532 - 2792",Not Applicable,Not Applicable,Not Applicable,"2112 Thornton St., Clovis, NM 88101",,,Good Standing,New Mexico,Active,53-11-1 to 53-18-12,424416,,,2185,,,,,,,,,,,,,,,
462523,Not Applicable,04/15/1964,,"ALLSUP'S ENTERPRISES, INC.",Domestic Profit Corporation,,,NONE,MERGED OUT OF EXISTENCE,"SEE FT11 FOR SERVICE OF PROCESS,",Not Applicable,Not Applicable,Not Applicable,,,,N/A,New Mexico,Merged,53-11-1 to 53-18-12,462523,,,2185,,,,,,,,,,,,,,,
5442150,,06/02/2017,,"Allsup's, Inc.",Foreign Profit Corporation,,"1999 Bryan st. ste. 900, Dallas, TX 75201","206 S. CORONADO AVE, Espanola, NM 87532",C T CORPORATION SYSTEM,"206 S CORONADO AVE, Espanola, NM 87532",Not Applicable,"1999 Bryan st. ste. 900, Dallas, TX 75201","1999 Bryan st. ste. 900, Dallas, TX 75201","2112 Thornton, Clovis, NM 88101","1999 Bryan st. ste. 900, Dallas, TX 75201",Not Applicable,Not in Good Standing,Texas,New Corporation,53-17-1 to 53-17-20,5442150,,,2185,,,,,,,,,,,,,,,
838896,Not Applicable,04/28/1975,,"BERNALILLO FEED AND CONOCO SERVICE, INC.",Domestic Profit Corporation,,"PO BOX 697, Bernalillo, NM 87004",NONE,FRANCES B GARCIA,"656 CAMINO DEL PUEBLO, Bernalillo, NM 87004",Not Applicable,Not Applicable,Not Applicable,"656 CAMINO DEL PUEBLO, Bernalillo, NM 87004",,,Good Standing,New Mexico,Active,53-11-1 to 53-18-12,838896,,,2193,,,,,,,,,,,,,,,
616292,Not Applicable,08/15/1968,,"CARL'S CONOCO, INC.",Domestic Profit Corporation,,"C/O 502 WEST CORDOVA RD., SANTA FE, NM 87501",NONE,CARL GRAHAM,"P.O. BOX 5880, SANTA FE, NM 87502",Not Applicable,Not Applicable,Not Applicable,,,,Not in Good Standing,New Mexico,Revoked Final,53-11-1 to 53-18-12,616292,,,2193,,,,,,,,,,,,,,,
643973,Not Applicable,07/19/1969,,"CHIEF CONOCO, INC.",Domestic Profit Corporation,,"NORTH HIGHWAY 666, SHIPROCK, NM 87420",NONE,LARRY K. WILKERSON,"4625 S. HWY 666- PO BOX 250, SHIPROCK, NM 87420",Not Applicable,Not Applicable,Not Applicable,,,,Not in Good Standing,New Mexico,Revoked Final,53-11-1 to 53-18-12,643973,,,2193,,,,,,,,,,,,,,,
451088,,05/17/1961,,"CONOCO COMMUNICATIONS, INC.",Foreign Profit Corporation,,,NONE,MERGED OUT OF EXISTENCE,"SEE FT11 FOR SERVICE OF PROCESS,",Not Applicable,,,,,Not Applicable,N/A,Delaware,Merged,53-17-1 to 53-17-20,451088,,,2193,,,,,,,,,,,,,,,
1782010,,03/01/1996,,CONOCO EQUITY INVESTMENTS INC.,Foreign Profit Corporation,,"600 N. DAIRY ASHFORD RD., HOUSTON, TX 77079",NONE,SECRETARY OF STATE,"EXECUTIVE-LEGISLATIVE BUILDING, SANTA FE, NM 87503",Not Applicable,,,,,Not Applicable,Good Standing,Delaware,Withdrawal,53-17-1 to 53-17-20,1782010,,,2193,,,,,,,,,,,,,,,
2042091,,05/21/2018,,CONOCO GAS HOLDINGS L.L.C.,Foreign Limited Liability Company,,"1209 ORANGE STREET, WILMINGTON, DE 19801","726 E MICHIGAN, STE 330, Hobbs, NM 88240",CORPORATION PROCESS COMPANY,"726 E MICHIGAN, STE 330, Hobbs, NM 88240",Not Applicable,Not Applicable,,,,,Good Standing,Delaware,Active,53-19-1 to 53-19-74,2042091,,,2193,,,,,,,,,,,,,,,
1113638,,09/21/1981,,CONOCO INC.,Foreign Profit Corporation,,,NONE,MERGED OUT OF EXISTENCE,"SEE FT11 FOR SERVICE OF PROCESS,",Not Applicable,,,,,Not Applicable,N/A,Delaware,Merged,53-17-1 to 53-17-20,1113638,,,2193,,,,,,,,,,,,,,,
157131,,07/03/1929,,CONOCO INC.,Foreign Profit Corporation,,,NONE,MERGED OUT OF EXISTENCE,"SEE FT11 FOR SERVICE OF PROCESS,",Not Applicable,,,,,Not Applicable,N/A,Delaware,Merged,53-17-1 to 53-17-20,157131,,,2193,,,,,,,,,,,,,,,
696005,,05/05/1971,,CONOCO MANAGEMENT COMPANY,Foreign Profit Corporation,,,NONE,SECRETARY OF STATE,"EXECUTIVE-LEGISLATIVE BUILDING, SANTA FE, NM 87503",Not Applicable,,,,,Not Applicable,Good Standing,Delaware,Withdrawal,53-17-1 to 53-17-20,696005,,,2193,,,,,,,,,,,,,,,
1782028,,03/01/1996,,CONOCO MID-CONTINENT PROPERTIES INC.,Foreign Profit Corporation,,"600 N DAIRY ASHFORD RD ML 3162, HOUSTON, TX 77079",NONE,CT CORPORATION SYSTEM,"123 E MARCY ST, SANTA FE, NM 87501",Not Applicable,,,,,Not Applicable,N/A,Delaware,Tax Clearance,53-17-1 to 53-17-20,1782028,,,2193,,,,,,,,,,,,,,,
439927,Not Applicable,,,"ALBUQUERQUE GIANT VALUE STORE, INC.",Domestic Profit Corporation,,,,,,Not Applicable,Not Applicable,Not Applicable,,,,N/A,New Mexico,Voluntary Dissolution,53-11-1 to 53-18-12,439927,,,2198,,,,,,,,,,,,,,,
5196558,,03/22/2016,,"ALLEGIANT AIR, LLC",Foreign Limited Liability Company,,,NONE,CORPORATION SERVICE COMPANY,"123 EAST MARCY STREET, SUITE 101, SANTA FE, NM 87501",Not Applicable,Not Applicable,,,"1201 NORTH TOWN CENTER DRIVE, LAS VEGAS, NV 89144",,Good Standing,Nevada,Active,53-19-1 to 53-19-74,5196558,,,2198,,,,,,,,,,,,,,,
5730910,,08/23/2018,,"Allegiant Energy Production & Automation Services, LLC",Foreign Limited Liability Company,,"9940 W. RENO, SUITE 103, Oklahoma City, OK 73128","3773 Howard Hughes Parkway STE 500S, Las Vegas, NV 89169","INCORP SERVICES, INC.","1012 MARQUEZ PLACE STE 106-B, Santa Fe, NM 87505",Not Applicable,Not Applicable,,,,,Good Standing,Oklahoma,Active,53-19-1 to 53-19-74,5730910,"9940 W. RENO, SUITE 103, Oklahoma City, OK 73128",,2198,,,,,,,,,,,,,,,
5717191,Not Applicable,08/02/2018,,Allegiant ERA Holdings LLC,Domestic Limited Liability Company,,,"906 W SECOND AVE STE 100, Spokane, WA 99201","NORTHWEST REGISTERED AGENT, INC.","530-B HARKLE ROAD, STE 100, Santa Fe, NM 87505",Not Applicable,Not Applicable,Not Applicable,,,,Good Standing,New Mexico,Active,53-19-1 to 53-19-74,5717191,"530-B HARKLE ROAD, STE 100, Santa Fe, NM 87505",,2198,,,,,,,,,,,,,,,
2994473,,02/05/2008,,"ALLEGIANT FINANCIAL SERVICES, INC.",Foreign Profit Corporation,,"123 E MARCY ST, SANTA FE, NM 87501",NONE,BUSINESS FILINGS INCORPORATED,"123 E. MARCY ST., SANTA FE, NM 87501",Not Applicable,,,,,Not Applicable,Not in Good Standing,Florida,Revoked Final,53-17-1 to 53-17-20,2994473,,,2198,,,,,,,,,,,,,,,
5652855,Not Applicable,04/17/2018,,Allegiant Global Holdings LLC,Domestic Limited Liability Company,,"4121-B Ellison NE, Albuquerque, NM 87109","4121-B Ellison NE, Albuquerque, NM 87109","BBV, INC.","4121-B Ellison NE, Albuquerque, NM 87109",Not Applicable,Not Applicable,Not Applicable,,,,Good Standing,New Mexico,Active,53-19-1 to 53-19-74,5652855,"4121-B Ellison NE, Albuquerque, NM 87109",,2198,,,,,,,,,,,,,,,
5253640,Not Applicable,08/08/2016,,Allegiant Global Technologies LLC,Domestic Limited Liability Company,,"4121-B Ellison NE, Albuquerque, NM 87109","11020 RICHFIELD AVE. NE, ALBQUERQUE, NM 87122","BBV, INC.","11020 RICHFIELD AVE NE, ALBUQUERQUE, NM 87122",Not Applicable,Not Applicable,Not Applicable,,,,Good Standing,New Mexico,Active,53-19-1 to 53-19-74,5253640,"4121-B Ellison NE, Albuquerque, NM 87109",,2198,,,,,,,,,,,,,,,
1663541,,04/11/1994,,"ALLEGIANT PHYSICIAN SERVICES, INC.",Foreign Profit Corporation,,,NONE,MERGED OUT OF EXISTENCE,"SEE FT11 FOR SERVICE OF PROCESS,",Not Applicable,,,,,Not Applicable,N/A,Delaware,Merged,53-17-1 to 53-17-20,1663541,,,2198,,,,,,,,,,,,,,,
4295200,,02/25/2013,06/09/2016,"ALLEGIANT PROFESSIONAL BUSINESS SERVICES, INC.",Foreign Profit Corporation,,"771 E. ROUTE 70, D-100, MARLTON, NJ 08053",NONE,NATIONAL REGISTERED AGENT,"123 EAST MARCY, SANTA FE, NM 87501",Not Applicable,,,,,Not Applicable,Not in Good Standing,Nevada,Active,53-17-1 to 53-17-20,4295200,,,2198,,,,,,,,,,,,,,,
5202507,Not Applicable,04/06/2016,,ALLEGIANT REALTY LLC,Domestic Limited Liability Company,,"6312 LOLA DR. NE, ALBUQUERQUE, NM 87109",NONE,DENISE ROLAND,"6312 LOLA DR. NE, ALBUQUERQUE, NM 87109",Not Applicable,Not Applicable,Not Applicable,,,,Good Standing,New Mexico,Active,53-19-1 to 53-19-74,5202507,"6312 LOLA DR. NE, ALBUQUERQUE, NM 87109",,2198,,,,,,,,,,,,,,,
2292399,Not Applicable,10/29/2002,,"ZUNI EXPRESS, LLC",Domestic Limited Liability Company,,"501 AIRPORT DR, STE 100, FARMINGTON, NM 87401",NONE,"ROBERT G. MOSS, ESQ.","501 AIRPORT DR, STE 100, FARMINGTON, NM 87401",Not Applicable,Not Applicable,Not Applicable,,,,Good Standing,New Mexico,Active,53-19-1 to 53-19-74,2292399,,,2201,,,,,,,,,,,,,,,
439927,Not Applicable,,,"ALBUQUERQUE GIANT VALUE STORE, INC.",Domestic Profit Corporation,,,,,,Not Applicable,Not Applicable,Not Applicable,,,,N/A,New Mexico,Voluntary Dissolution,53-11-1 to 53-18-12,439927,,,2222,,,,,,,,,,,,,,,
5196558,,03/22/2016,,"ALLEGIANT AIR, LLC",Foreign Limited Liability Company,,,NONE,CORPORATION SERVICE COMPANY,"123 EAST MARCY STREET, SUITE 101, SANTA FE, NM 87501",Not Applicable,Not Applicable,,,"1201 NORTH TOWN CENTER DRIVE, LAS VEGAS, NV 89144",,Good Standing,Nevada,Active,53-19-1 to 53-19-74,5196558,,,2222,,,,,,,,,,,,,,,
5730910,,08/23/2018,,"Allegiant Energy Production & Automation Services, LLC",Foreign Limited Liability Company,,"9940 W. RENO, SUITE 103, Oklahoma City, OK 73128","3773 Howard Hughes Parkway STE 500S, Las Vegas, NV 89169","INCORP SERVICES, INC.","1012 MARQUEZ PLACE STE 106-B, Santa Fe, NM 87505",Not Applicable,Not Applicable,,,,,Good Standing,Oklahoma,Active,53-19-1 to 53-19-74,5730910,"9940 W. RENO, SUITE 103, Oklahoma City, OK 73128",,2222,,,,,,,,,,,,,,,
5717191,Not Applicable,08/02/2018,,Allegiant ERA Holdings LLC,Domestic Limited Liability Company,,,"906 W SECOND AVE STE 100, Spokane, WA 99201","NORTHWEST REGISTERED AGENT, INC.","530-B HARKLE ROAD, STE 100, Santa Fe, NM 87505",Not Applicable,Not Applicable,Not Applicable,,,,Good Standing,New Mexico,Active,53-19-1 to 53-19-74,5717191,"530-B HARKLE ROAD, STE 100, Santa Fe, NM 87505",,2222,,,,,,,,,,,,,,,
2994473,,02/05/2008,,"ALLEGIANT FINANCIAL SERVICES, INC.",Foreign Profit Corporation,,"123 E MARCY ST, SANTA FE, NM 87501",NONE,BUSINESS FILINGS INCORPORATED,"123 E. MARCY ST., SANTA FE, NM 87501",Not Applicable,,,,,Not Applicable,Not in Good Standing,Florida,Revoked Final,53-17-1 to 53-17-20,2994473,,,2222,,,,,,,,,,,,,,,
5652855,Not Applicable,04/17/2018,,Allegiant Global Holdings LLC,Domestic Limited Liability Company,,"4121-B Ellison NE, Albuquerque, NM 87109","4121-B Ellison NE, Albuquerque, NM 87109","BBV, INC.","4121-B Ellison NE, Albuquerque, NM 87109",Not Applicable,Not Applicable,Not Applicable,,,,Good Standing,New Mexico,Active,53-19-1 to 53-19-74,5652855,"4121-B Ellison NE, Albuquerque, NM 87109",,2222,,,,,,,,,,,,,,,
5253640,Not Applicable,08/08/2016,,Allegiant Global Technologies LLC,Domestic Limited Liability Company,,"4121-B Ellison NE, Albuquerque, NM 87109","11020 RICHFIELD AVE. NE, ALBQUERQUE, NM 87122","BBV, INC.","11020 RICHFIELD AVE NE, ALBUQUERQUE, NM 87122",Not Applicable,Not Applicable,Not Applicable,,,,Good Standing,New Mexico,Active,53-19-1 to 53-19-74,5253640,"4121-B Ellison NE, Albuquerque, NM 87109",,2222,,,,,,,,,,,,,,,
1663541,,04/11/1994,,"ALLEGIANT PHYSICIAN SERVICES, INC.",Foreign Profit Corporation,,,NONE,MERGED OUT OF EXISTENCE,"SEE FT11 FOR SERVICE OF PROCESS,",Not Applicable,,,,,Not Applicable,N/A,Delaware,Merged,53-17-1 to 53-17-20,1663541,,,2222,,,,,,,,,,,,,,,
4295200,,02/25/2013,06/09/2016,"ALLEGIANT PROFESSIONAL BUSINESS SERVICES, INC.",Foreign Profit Corporation,,"771 E. ROUTE 70, D-100, MARLTON, NJ 08053",NONE,NATIONAL REGISTERED AGENT,"123 EAST MARCY, SANTA FE, NM 87501",Not Applicable,,,,,Not Applicable,Not in Good Standing,Nevada,Active,53-17-1 to 53-17-20,4295200,,,2222,,,,,,,,,,,,,,,
5202507,Not Applicable,04/06/2016,,ALLEGIANT REALTY LLC,Domestic Limited Liability Company,,"6312 LOLA DR. NE, ALBUQUERQUE, NM 87109",NONE,DENISE ROLAND,"6312 LOLA DR. NE, ALBUQUERQUE, NM 87109",Not Applicable,Not Applicable,Not Applicable,,,,Good Standing,New Mexico,Active,53-19-1 to 53-19-74,5202507,"6312 LOLA DR. NE, ALBUQUERQUE, NM 87109",,2222,,,,,,,,,,,,,,,
4857429,Not Applicable,01/13/2014,,"SHIPROCK EXPRESS LUBE, LLC",Domestic Limited Liability Company,,,NONE,RAYMOND MENDOZA,"U.S. 491, SHIPROCK, NM 87420",Not Applicable,Not Applicable,Not Applicable,,,,Good Standing,New Mexico,Active,53-19-1 to 53-19-74,4857429,"U.S. 491, SHIPROCK, NM 87420",,2238,,,,,,,,,,,,,,,
2205300,Not Applicable,10/30/2001,,"SHIPROCK EXPRESS MANAGEMENT, INC.",Domestic Profit Corporation,,"4770 WESTWIND AVENUE, FARMINGTON, NM 87401",NONE,KURT A. SOMMER,"200 WEST MARCY, STE. 129, SANTA FE, NM 87501",Not Applicable,Not Applicable,Not Applicable,,,,Not in Good Standing,New Mexico,Revoked Final,53-11-1 to 53-18-12,2205300,,,2238,,,,,,,,,,,,,,,
2203792,Not Applicable,10/22/2001,,"SHIPROCK EXPRESS, L.L.C.",Domestic Limited Liability Company,,"710 EAST 20TH ST., FARMINGTON, NM 87401",NONE,"KURT A. SOMMER, ESQ.","200 WEST MARCY ST, STE 129, SANTA FE, NM 87501",Not Applicable,Not Applicable,Not Applicable,,,,Good Standing,New Mexico,Active,53-19-1 to 53-19-74,2203792,,,2238,,,,,,,,,,,,,,,
439927,Not Applicable,,,"ALBUQUERQUE GIANT VALUE STORE, INC.",Domestic Profit Corporation,,,,,,Not Applicable,Not Applicable,Not Applicable,,,,N/A,New Mexico,Voluntary Dissolution,53-11-1 to 53-18-12,439927,,,2251,,,,,,,,,,,,,,,
5196558,,03/22/2016,,"ALLEGIANT AIR, LLC",Foreign Limited Liability Company,,,NONE,CORPORATION SERVICE COMPANY,"123 EAST MARCY STREET, SUITE 101, SANTA FE, NM 87501",Not Applicable,Not Applicable,,,"1201 NORTH TOWN CENTER DRIVE, LAS VEGAS, NV 89144",,Good Standing,Nevada,Active,53-19-1 to 53-19-74,5196558,,,2251,,,,,,,,,,,,,,,
5730910,,08/23/2018,,"Allegiant Energy Production & Automation Services, LLC",Foreign Limited Liability Company,,"9940 W. RENO, SUITE 103, Oklahoma City, OK 73128","3773 Howard Hughes Parkway STE 500S, Las Vegas, NV 89169","INCORP SERVICES, INC.","1012 MARQUEZ PLACE STE 106-B, Santa Fe, NM 87505",Not Applicable,Not Applicable,,,,,Good Standing,Oklahoma,Active,53-19-1 to 53-19-74,5730910,"9940 W. RENO, SUITE 103, Oklahoma City, OK 73128",,2251,,,,,,,,,,,,,,,
5717191,Not Applicable,08/02/2018,,Allegiant ERA Holdings LLC,Domestic Limited Liability Company,,,"906 W SECOND AVE STE 100, Spokane, WA 99201","NORTHWEST REGISTERED AGENT, INC.","530-B HARKLE ROAD, STE 100, Santa Fe, NM 87505",Not Applicable,Not Applicable,Not Applicable,,,,Good Standing,New Mexico,Active,53-19-1 to 53-19-74,5717191,"530-B HARKLE ROAD, STE 100, Santa Fe, NM 87505",,2251,,,,,,,,,,,,,,,
2994473,,02/05/2008,,"ALLEGIANT FINANCIAL SERVICES, INC.",Foreign Profit Corporation,,"123 E MARCY ST, SANTA FE, NM 87501",NONE,BUSINESS FILINGS INCORPORATED,"123 E. MARCY ST., SANTA FE, NM 87501",Not Applicable,,,,,Not Applicable,Not in Good Standing,Florida,Revoked Final,53-17-1 to 53-17-20,2994473,,,2251,,,,,,,,,,,,,,,
5652855,Not Applicable,04/17/2018,,Allegiant Global Holdings LLC,Domestic Limited Liability Company,,"4121-B Ellison NE, Albuquerque, NM 87109","4121-B Ellison NE, Albuquerque, NM 87109","BBV, INC.","4121-B Ellison NE, Albuquerque, NM 87109",Not Applicable,Not Applicable,Not Applicable,,,,Good Standing,New Mexico,Active,53-19-1 to 53-19-74,5652855,"4121-B Ellison NE, Albuquerque, NM 87109",,2251,,,,,,,,,,,,,,,
5253640,Not Applicable,08/08/2016,,Allegiant Global Technologies LLC,Domestic Limited Liability Company,,"4121-B Ellison NE, Albuquerque, NM 87109","11020 RICHFIELD AVE. NE, ALBQUERQUE, NM 87122","BBV, INC.","11020 RICHFIELD AVE NE, ALBUQUERQUE, NM 87122",Not Applicable,Not Applicable,Not Applicable,,,,Good Standing,New Mexico,Active,53-19-1 to 53-19-74,5253640,"4121-B Ellison NE, Albuquerque, NM 87109",,2251,,,,,,,,,,,,,,,
1663541,,04/11/1994,,"ALLEGIANT PHYSICIAN SERVICES, INC.",Foreign Profit Corporation,,,NONE,MERGED OUT OF EXISTENCE,"SEE FT11 FOR SERVICE OF PROCESS,",Not Applicable,,,,,Not Applicable,N/A,Delaware,Merged,53-17-1 to 53-17-20,1663541,,,2251,,,,,,,,,,,,,,,
4295200,,02/25/2013,06/09/2016,"ALLEGIANT PROFESSIONAL BUSINESS SERVICES, INC.",Foreign Profit Corporation,,"771 E. ROUTE 70, D-100, MARLTON, NJ 08053",NONE,NATIONAL REGISTERED AGENT,"123 EAST MARCY, SANTA FE, NM 87501",Not Applicable,,,,,Not Applicable,Not in Good Standing,Nevada,Active,53-17-1 to 53-17-20,4295200,,,2251,,,,,,,,,,,,,,,
5202507,Not Applicable,04/06/2016,,ALLEGIANT REALTY LLC,Domestic Limited Liability Company,,"6312 LOLA DR. NE, ALBUQUERQUE, NM 87109",NONE,DENISE ROLAND,"6312 LOLA DR. NE, ALBUQUERQUE, NM 87109",Not Applicable,Not Applicable,Not Applicable,,,,Good Standing,New Mexico,Active,53-19-1 to 53-19-74,5202507,"6312 LOLA DR. NE, ALBUQUERQUE, NM 87109",,2251,,,,,,,,,,,,,,,
439927,Not Applicable,,,"ALBUQUERQUE GIANT VALUE STORE, INC.",Domestic Profit Corporation,,,,,,Not Applicable,Not Applicable,Not Applicable,,,,N/A,New Mexico,Voluntary Dissolution,53-11-1 to 53-18-12,439927,,,2252,,,,,,,,,,,,,,,
5196558,,03/22/2016,,"ALLEGIANT AIR, LLC",Foreign Limited Liability Company,,,NONE,CORPORATION SERVICE COMPANY,"123 EAST MARCY STREET, SUITE 101, SANTA FE, NM 87501",Not Applicable,Not Applicable,,,"1201 NORTH TOWN CENTER DRIVE, LAS VEGAS, NV 89144",,Good Standing,Nevada,Active,53-19-1 to 53-19-74,5196558,,,2252,,,,,,,,,,,,,,,
5730910,,08/23/2018,,"Allegiant Energy Production & Automation Services, LLC",Foreign Limited Liability Company,,"9940 W. RENO, SUITE 103, Oklahoma City, OK 73128","3773 Howard Hughes Parkway STE 500S, Las Vegas, NV 89169","INCORP SERVICES, INC.","1012 MARQUEZ PLACE STE 106-B, Santa Fe, NM 87505",Not Applicable,Not Applicable,,,,,Good Standing,Oklahoma,Active,53-19-1 to 53-19-74,5730910,"9940 W. RENO, SUITE 103, Oklahoma City, OK 73128",,2252,,,,,,,,,,,,,,,
5717191,Not Applicable,08/02/2018,,Allegiant ERA Holdings LLC,Domestic Limited Liability Company,,,"906 W SECOND AVE STE 100, Spokane, WA 99201","NORTHWEST REGISTERED AGENT, INC.","530-B HARKLE ROAD, STE 100, Santa Fe, NM 87505",Not Applicable,Not Applicable,Not Applicable,,,,Good Standing,New Mexico,Active,53-19-1 to 53-19-74,5717191,"530-B HARKLE ROAD, STE 100, Santa Fe, NM 87505",,2252,,,,,,,,,,,,,,,
2994473,,02/05/2008,,"ALLEGIANT FINANCIAL SERVICES, INC.",Foreign Profit Corporation,,"123 E MARCY ST, SANTA FE, NM 87501",NONE,BUSINESS FILINGS INCORPORATED,"123 E. MARCY ST., SANTA FE, NM 87501",Not Applicable,,,,,Not Applicable,Not in Good Standing,Florida,Revoked Final,53-17-1 to 53-17-20,2994473,,,2252,,,,,,,,,,,,,,,
5652855,Not Applicable,04/17/2018,,Allegiant Global Holdings LLC,Domestic Limited Liability Company,,"4121-B Ellison NE, Albuquerque, NM 87109","4121-B Ellison NE, Albuquerque, NM 87109","BBV, INC.","4121-B Ellison NE, Albuquerque, NM 87109",Not Applicable,Not Applicable,Not Applicable,,,,Good Standing,New Mexico,Active,53-19-1 to 53-19-74,5652855,"4121-B Ellison NE, Albuquerque, NM 87109",,2252,,,,,,,,,,,,,,,
5253640,Not Applicable,08/08/2016,,Allegiant Global Technologies LLC,Domestic Limited Liability Company,,"4121-B Ellison NE, Albuquerque, NM 87109","11020 RICHFIELD AVE. NE, ALBQUERQUE, NM 87122","BBV, INC.","11020 RICHFIELD AVE NE, ALBUQUERQUE, NM 87122",Not Applicable,Not Applicable,Not Applicable,,,,Good Standing,New Mexico,Active,53-19-1 to 53-19-74,5253640,"4121-B Ellison NE, Albuquerque, NM 87109",,2252,,,,,,,,,,,,,,,
1663541,,04/11/1994,,"ALLEGIANT PHYSICIAN SERVICES, INC.",Foreign Profit Corporation,,,NONE,MERGED OUT OF EXISTENCE,"SEE FT11 FOR SERVICE OF PROCESS,",Not Applicable,,,,,Not Applicable,N/A,Delaware,Merged,53-17-1 to 53-17-20,1663541,,,2252,,,,,,,,,,,,,,,
4295200,,02/25/2013,06/09/2016,"ALLEGIANT PROFESSIONAL BUSINESS SERVICES, INC.",Foreign Profit Corporation,,"771 E. ROUTE 70, D-100, MARLTON, NJ 08053",NONE,NATIONAL REGISTERED AGENT,"123 EAST MARCY, SANTA FE, NM 87501",Not Applicable,,,,,Not Applicable,Not in Good Standing,Nevada,Active,53-17-1 to 53-17-20,4295200,,,2252,,,,,,,,,,,,,,,
5202507,Not Applicable,04/06/2016,,ALLEGIANT REALTY LLC,Domestic Limited Liability Company,,"6312 LOLA DR. NE, ALBUQUERQUE, NM 87109",NONE,DENISE ROLAND,"6312 LOLA DR. NE, ALBUQUERQUE, NM 87109",Not Applicable,Not Applicable,Not Applicable,,,,Good Standing,New Mexico,Active,53-19-1 to 53-19-74,5202507,"6312 LOLA DR. NE, ALBUQUERQUE, NM 87109",,2252,,,,,,,,,,,,,,,
70961,Not Applicable,,,THE NAVAJO PETROLEUM COMPANY,Other/No Corp type from MNFRM,,,,,,Not Applicable,Not Applicable,Not Applicable,,Not Applicable,,Good Standing,New Mexico,Process Of Appeal,,70961,,,2254,,,,,,,,,,,,,,,
5169143,,06/16/2017,,"FAMILY DOLLAR STORES OF NEW MEXICO, INC.",Foreign Profit Corporation,,"500 VOLVO PARKWAY, Chesapeake, VA 23320","123 EAST MARCY STREET, SUITE 101, Santa Fe, NM 87501",CORPORATION SERVICE COMPANY,"123 EAST MARCY STREET, SUITE 101, Santa Fe, NM 87501",Not Applicable,"10401 Monroe Road, Matthews, NC 28105",,"206 S CORONADO AVE, Espanola, NM 87532 - 2792","500 VOLVO PARKWAY, Chesapeake, VA 23320",Not Applicable,Good Standing,Virginia,Active,53-17-1 to 53-17-20,5169143,,,2352,,,,,,,,,,,,,,,
1414630,Not Applicable,11/16/2015,,"FAMILY DOLLAR STORES OF NEW MEXICO, INC.",Domestic Profit Corporation,,"PO BOX 1017, CHARLOTTE, NC 28201 - 1017",NONE,C T CORPORATION SYSTEM,"1012 MARQUEZ PL, UNIT 106B, SANTA FE, NM 87505 - 1833",Not Applicable,Not Applicable,Not Applicable,"123 EAST MARCY STREET, SANTA FE, NM 87501",,,N/A,New Mexico,Merged,53-11-1 to 53-18-12,1414630,,,2352,,,,,,,,,,,,,,,
4282455,Not Applicable,03/24/2010,,"TAOS MESA BREWING, LLC",Domestic Limited Liability Company,,"20 ABC MESA RD., EL PRADO, NM 87529",NONE,GARY M. FEUERMAN,"827 PASEO DEL PUEBLO NORTE, TAOS, NM 87571",Not Applicable,Not Applicable,Not Applicable,,,,Good Standing,New Mexico,Active,53-19-1 to 53-19-74,4282455,,,2402,,,,,,,,,,,,,,,
2971687,,12/13/2007,,"FAIRVIEW PHARMACY SERVICES, LLC",Foreign Limited Liability Company,,"711 KASOTA AVE. SE, MINNEAPOLIS, MN 55414",NONE,SECRETARY OF STATE,"EXECUTIVE-LEGISLATIVE BUILDING, SANTA FE, NM 87503",Not Applicable,Not Applicable,,,,,Good Standing,Delaware,Withdrawal,53-19-1 to 53-19-74,2971687,,,2650,,,,,,,,,,,,,,,
4000162,Not Applicable,02/20/2008,,"QUINTANA'S FAIRVIEW PHARMACY, INCORPORATED",Domestic Profit Corporation,,"PO BOX 4073, Espanola, NM 87532",NONE,BRUCE S. GARBER,"200 W. MARCY ST. STE. 203, SANTA FE, NM 87501",Not Applicable,Not Applicable,Not Applicable,"734 NORTH RIVERSIDE DR, Espanola, NM 87532",,,Good Standing,New Mexico,Active,53-11-1 to 53-18-12,4000162,,,2650,,,,,,,,,,,,,,,
1524735,Not Applicable,05/29/1991,,"QUINTANA'S FAIRVIEW PHARMACY, INCORPORATED",Domestic Profit Corporation,,"1130 NORTH RIVERSIDE, ESPANOLA, NM 87532",NONE,LARRY D. QUINTANA,"1130 NORTH RIVERSIDE, ESPANOLA, NM 87532",Not Applicable,Not Applicable,Not Applicable,,,,Not in Good Standing,New Mexico,Revoked Final,53-11-1 to 53-18-12,1524735,,,2650,,,,,,,,,,,,,,,
1965136,Not Applicable,10/26/1998,,EL REY DISCOUNT LIQUORS. INC.,Domestic Profit Corporation,,"811 N. RIVERSIDE DR. STE D, Suite D, Espanola, NM 87532",NONE,"WILLIAM J ARLAND, III","201 THIRD ST NW, STE 1920, ALBUQUERQUE, NM 87102",Not Applicable,Not Applicable,Not Applicable,"811 N. RIVERSIDE DR. STE D, Suite D, Espanola, NM 87532",,,Good Standing,New Mexico,Active,53-11-1 to 53-18-12,1965136,,,2660,,,,,,,,,,,,,,,
2450203,,03/01/2016,,"CVS PHARMACY, INC.",Foreign Profit Corporation,,"ONE CVS DRIVE, Woonsocket, RI 02895",NONE,C T CORPORATION SYSTEM,"206 S CORONADO AVE, ESPANOLA, NM 87532 - 2792",Not Applicable,"ONE CVS DRIVE, Woonsocket, RI 02895",,"123 EAST MARCY STREET, Santa Fe, NM 87501","ONE CVS DRIVE, Woonsocket, RI 02895",Not Applicable,Good Standing,Rhode Island,Active,53-17-1 to 53-17-20,2450203,,,2720,,,,,,,,,,,,,,,
2696565,Not Applicable,,,"NEW MEXICO CVS PHARMACY, L.L.C.",Domestic Limited Liability Company,,,,,,Not Applicable,Not Applicable,Not Applicable,,,,N/A,New Mexico,Voluntary Dissolution,53-19-1 to 53-19-74,2696565,,,2720,,,,,,,,,,,,,,,
5717353,Not Applicable,08/02/2018,,"15 Lowes, LLC",Domestic Limited Liability Company,,,"3930 Desert Broom Ct., Las Cruces, NM 88011",Clayton Henry,"3930 Desert Broom Ct., Las Cruces, NM 88011",Not Applicable,Not Applicable,Not Applicable,,,,Good Standing,New Mexico,Active,53-19-1 to 53-19-74,5717353,"3930 Desert Broom Ct., Las Cruces, NM 88011",,2811,,,,,,,,,,,,,,,
1163906,Not Applicable,12/07/1982,,"ARMADILLO WEST OF NEW MEXICO, INC.",Domestic Profit Corporation,,"1100 W. PIERCE, CARLSBAD, NM 88220",NONE,TOMMY HORN,"1100 W. PIERCE, CARLSBAD, NM 88220",Not Applicable,Not Applicable,Not Applicable,,,,Not in Good Standing,New Mexico,Revoked Final,53-11-1 to 53-18-12,1163906,,,2811,,,,,,,,,,,,,,,
4424792,Not Applicable,03/25/2011,,DATA FLOWE SOLUTIONS LLC,Domestic Limited Liability Company,,"376 BRYCE AVE., LOS ALAMOS, NM 87544",NONE,FREDERICK M. LOWE,"376 BRYCE AVE., LOS ALAMOS, NM 87544 - 3656",Not Applicable,Not Applicable,Not Applicable,,,,Good Standing,New Mexico,Active,53-19-1 to 53-19-74,4424792,,,2811,,,,,,,,,,,,,,,
1243187,Not Applicable,10/17/1984,,"EDWARD ALLEN MELLOWES FOUNDATION, INC.",Domestic Nonprofit Corporation,,"PO BOX 91, Rodeo, NM 88056","POBox 91, Rodeo, NM 88056 - 0091",HARRIET SHULTIS,"67 RIVERS RD, Rodeo, NM 88056",Not Applicable,Not Applicable,Not Applicable,"67 RIVERS ROAD, Rodeo, NM 88056",,,Good Standing,New Mexico,Active,53-8-1 to 53-8-99,1243187,,,2811,,,,,,,,,,,,,,,
1979947,,12/23/1998,,"LOWE'S H I W, INC.",Foreign Profit Corporation,,"PO BOX 1112, N WILKESBORO, NC 28656",NONE,SECRETARY OF STATE,"EXECUTIVE-LEGISLATIVE BUILDING, SANTA FE, NM 87503",Not Applicable,,,,,Not Applicable,Good Standing,Virginia,Withdrawal,53-17-1 to 53-17-20,1979947,,,2811,,,,,,,,,,,,,,,
1936475,,01/28/2014,,"LOWE'S HOME CENTERS, LLC",Foreign Limited Liability Company,,"1605 CURTIS BRIDGE RD., Wilkesboro, NC 28697",NONE,CORPORATION SERVICE COMPANY,"123 EAST MARCY STREET, SUITE 101, SANTA FE, NM 87501",Not Applicable,Not Applicable,,,,,Good Standing,North Carolina,Active,53-19-1 to 53-19-74,1936475,,,2811,,,,,,,,,,,,,,,
4341053,Not Applicable,08/30/2010,,"LOWE'S INVESTMENT TRUST, LLC",Domestic Limited Liability Company,,"217 CALLE DE ANZA, SAN CLEMENTE, CA 92672",NONE,"INCORP SERVICES, INC.","1012 MARQUEZ PLACE STE. 106-B, SANTA FE, NM 87505 - 1652",Not Applicable,Not Applicable,Not Applicable,,,,Good Standing,New Mexico,Active,53-19-1 to 53-19-74,4341053,,,2811,,,,,,,,,,,,,,,
1421908,Not Applicable,01/19/1989,,"LOWE'S MEDICAL-LEGAL SEMINARS, LTD.",Domestic Profit Corporation,,"9315 COOK CT. N.E., ALBUQUERQUE, NM 87112",NONE,RUSSELL C. LOWE,"9315 COOK CT. N.E., ALBUQUERQUE, NM 87112",Not Applicable,Not Applicable,Not Applicable,,,,Not in Good Standing,New Mexico,Revoked Final,53-11-1 to 53-18-12,1421908,,,2811,,,,,,,,,,,,,,,
2103323,,07/31/2000,,"LOWESTLOAN.COM, INC.",Foreign Profit Corporation,,"10650 W CHARLESTON BLVD, LAS VEGAS, NV 89135",NONE,CORPORATION SERVICE CORP.,"121 EAST PALACE AVE, SANTA FE, NM 87501",Not Applicable,,,,,Not Applicable,Not in Good Standing,Delaware,Revoked Final,53-17-1 to 53-17-20,2103323,,,2811,,,,,,,,,,,,,,,
1996529,,04/12/1999,,LOWESTRATE.COM. INC.,Foreign Profit Corporation,,"102-C WEST GERMANTOWN PARK, NORRISTOWN, PA 19401",NONE,SECRETARY OF STATE,"EXECUTIVE-LEGISLATIVE BUILDING, SANTA FE, NM 87503",Not Applicable,,,,,Not Applicable,Good Standing,Pennsylvania,Withdrawal,53-17-1 to 53-17-20,1996529,,,2811,,,,,,,,,,,,,,,
952044,Not Applicable,02/20/1978,,"ROMERO'S MARKET, INC.",Domestic Profit Corporation,,"P.O. BOX 1245, PENA BLANCA, NM 87041",NONE,ANTHONY M. ROMERO,"723-A SR 22 POB 1245, 723-A STATE ROAD 22, PENA BLANCA, NM 87041",Not Applicable,Not Applicable,Not Applicable,"723-A STATE ROAD 22, PENA BLANCA, NM 87041",,,Not in Good Standing,New Mexico,Active,53-11-1 to 53-18-12,952044,,,2818,,,,,,,,,,,,,,,
2524411,Not Applicable,12/06/2004,,"ROMERO'S MEAT MARKET & BAKERY, LLC",Domestic Limited Liability Company,,"2190 DONA ANA RD., LAS CRUCES, NM 88005",NONE,LEO D. ROMERO,"2190 DONA ANA RD., LAS CRUCES, NM 88005",Not Applicable,Not Applicable,Not Applicable,,,,Good Standing,New Mexico,Active,53-19-1 to 53-19-74,2524411,,,2818,,,,,,,,,,,,,,,
1866425,Not Applicable,05/29/1997,,"VALLEY SUPERETTE, INC.",Domestic Profit Corporation,,"520 S Riverside Dr, Espanola, NM 87532",NONE,CARMEN T. GONZALES-NARANJO,"216 PASEO DON JUAN, ESPANOLA, NM 87532",Not Applicable,Not Applicable,Not Applicable,"520 S Riverside Dr, Espanola, NM 87532",,,Good Standing,New Mexico,Active,53-11-1 to 53-18-12,1866425,,,2835,,,,,,,,,,,,,,,
439927,Not Applicable,,,"ALBUQUERQUE GIANT VALUE STORE, INC.",Domestic Profit Corporation,,,,,,Not Applicable,Not Applicable,Not Applicable,,,,N/A,New Mexico,Voluntary Dissolution,53-11-1 to 53-18-12,439927,,,2919,,,,,,,,,,,,,,,
5196558,,03/22/2016,,"ALLEGIANT AIR, LLC",Foreign Limited Liability Company,,,NONE,CORPORATION SERVICE COMPANY,"123 EAST MARCY STREET, SUITE 101, SANTA FE, NM 87501",Not Applicable,Not Applicable,,,"1201 NORTH TOWN CENTER DRIVE, LAS VEGAS, NV 89144",,Good Standing,Nevada,Active,53-19-1 to 53-19-74,5196558,,,2919,,,,,,,,,,,,,,,
5730910,,08/23/2018,,"Allegiant Energy Production & Automation Services, LLC",Foreign Limited Liability Company,,"9940 W. RENO, SUITE 103, Oklahoma City, OK 73128","3773 Howard Hughes Parkway STE 500S, Las Vegas, NV 89169","INCORP SERVICES, INC.","1012 MARQUEZ PLACE STE 106-B, Santa Fe, NM 87505",Not Applicable,Not Applicable,,,,,Good Standing,Oklahoma,Active,53-19-1 to 53-19-74,5730910,"9940 W. RENO, SUITE 103, Oklahoma City, OK 73128",,2919,,,,,,,,,,,,,,,
5717191,Not Applicable,08/02/2018,,Allegiant ERA Holdings LLC,Domestic Limited Liability Company,,,"906 W SECOND AVE STE 100, Spokane, WA 99201","NORTHWEST REGISTERED AGENT, INC.","530-B HARKLE ROAD, STE 100, Santa Fe, NM 87505",Not Applicable,Not Applicable,Not Applicable,,,,Good Standing,New Mexico,Active,53-19-1 to 53-19-74,5717191,"530-B HARKLE ROAD, STE 100, Santa Fe, NM 87505",,2919,,,,,,,,,,,,,,,
2994473,,02/05/2008,,"ALLEGIANT FINANCIAL SERVICES, INC.",Foreign Profit Corporation,,"123 E MARCY ST, SANTA FE, NM 87501",NONE,BUSINESS FILINGS INCORPORATED,"123 E. MARCY ST., SANTA FE, NM 87501",Not Applicable,,,,,Not Applicable,Not in Good Standing,Florida,Revoked Final,53-17-1 to 53-17-20,2994473,,,2919,,,,,,,,,,,,,,,
5652855,Not Applicable,04/17/2018,,Allegiant Global Holdings LLC,Domestic Limited Liability Company,,"4121-B Ellison NE, Albuquerque, NM 87109","4121-B Ellison NE, Albuquerque, NM 87109","BBV, INC.","4121-B Ellison NE, Albuquerque, NM 87109",Not Applicable,Not Applicable,Not Applicable,,,,Good Standing,New Mexico,Active,53-19-1 to 53-19-74,5652855,"4121-B Ellison NE, Albuquerque, NM 87109",,2919,,,,,,,,,,,,,,,
5253640,Not Applicable,08/08/2016,,Allegiant Global Technologies LLC,Domestic Limited Liability Company,,"4121-B Ellison NE, Albuquerque, NM 87109","11020 RICHFIELD AVE. NE, ALBQUERQUE, NM 87122","BBV, INC.","11020 RICHFIELD AVE NE, ALBUQUERQUE, NM 87122",Not Applicable,Not Applicable,Not Applicable,,,,Good Standing,New Mexico,Active,53-19-1 to 53-19-74,5253640,"4121-B Ellison NE, Albuquerque, NM 87109",,2919,,,,,,,,,,,,,,,
1663541,,04/11/1994,,"ALLEGIANT PHYSICIAN SERVICES, INC.",Foreign Profit Corporation,,,NONE,MERGED OUT OF EXISTENCE,"SEE FT11 FOR SERVICE OF PROCESS,",Not Applicable,,,,,Not Applicable,N/A,Delaware,Merged,53-17-1 to 53-17-20,1663541,,,2919,,,,,,,,,,,,,,,
4295200,,02/25/2013,06/09/2016,"ALLEGIANT PROFESSIONAL BUSINESS SERVICES, INC.",Foreign Profit Corporation,,"771 E. ROUTE 70, D-100, MARLTON, NJ 08053",NONE,NATIONAL REGISTERED AGENT,"123 EAST MARCY, SANTA FE, NM 87501",Not Applicable,,,,,Not Applicable,Not in Good Standing,Nevada,Active,53-17-1 to 53-17-20,4295200,,,2919,,,,,,,,,,,,,,,
5202507,Not Applicable,04/06/2016,,ALLEGIANT REALTY LLC,Domestic Limited Liability Company,,"6312 LOLA DR. NE, ALBUQUERQUE, NM 87109",NONE,DENISE ROLAND,"6312 LOLA DR. NE, ALBUQUERQUE, NM 87109",Not Applicable,Not Applicable,Not Applicable,,,,Good Standing,New Mexico,Active,53-19-1 to 53-19-74,5202507,"6312 LOLA DR. NE, ALBUQUERQUE, NM 87109",,2919,,,,,,,,,,,,,,,
740001,Not Applicable,08/04/1972,,"TRIPLE S GROCERY STORE, INC.",Domestic Profit Corporation,,"PO. BOX 367, ESPANOLA, NM 87532",NONE,PAT SALAZAR,"111 LA VISTA DR., WHITE ROCK, NM 87544",Not Applicable,Not Applicable,Not Applicable,,,,Not in Good Standing,New Mexico,Revoked Final,53-11-1 to 53-18-12,740001,,,2943,,,,,,,,,,,,,,,
Not Applicable,Not Applicable,,,"ALBUQUERQUE BREWERY & PUB, INC.",Domestic Profit Corporation,,,,,,,,,,,,N/A,New Mexico,Inactive,53-11-1 to 53-18-12,N/A,,,2985,,,NONE,,NONE,,150817112524,,,,,,,,
5055407,Not Applicable,04/29/2015,,ALPHA KING BREWERY LLC,Domestic Limited Liability Company,,,NONE,DEVAN COLSTON,"413 MONTANO RD NE STE F, ALBUQUERQUE, NM 87107",Not Applicable,Not Applicable,Not Applicable,,,,Good Standing,New Mexico,Active,53-19-1 to 53-19-74,5055407,"413 MONTANO RD NE STE F, ALBUQUERQUE, NM 87107",,2985,,,,,,,,,,,,,,,
4293627,Not Applicable,01/28/2014,,"B.A.B. BREWERY, LLC",Domestic Limited Liability Company,,"9800 MONTGOMERY NE SUITE 7, ALBUQUERQUE, NM 87111",NONE,CORPORATION SERVICE COMPANY,"123 EAST MARCY STREET, SUITE 101, SANTA FE, NM 87501",Not Applicable,Not Applicable,Not Applicable,,,,Good Standing,New Mexico,Active,53-19-1 to 53-19-74,4293627,,,2985,,,,,,,,,,,,,,,
5798752,Not Applicable,12/18/2018,,Bandolero Brewery L.L.C.,Domestic Limited Liability Company,,"421 Main Street, Clovis, NM 88101","2904 Lore, Clovis, NM 88101",Andrew Logan,"2904 Lore, Clovis, NM 88101",Not Applicable,Not Applicable,Not Applicable,,,,Good Standing,New Mexico,Active,53-19-1 to 53-19-74,5798752,"421 Main Street, Clovis, NM 88101",,2985,,,,,,,,,,,,,,,
5405963,,03/27/2017,,Bell's Brewery Inc.,Foreign Profit Corporation,,"8938 Krum Avenue, Galesburg, MI 49053","3773 Howard Hughes Parkway STE 500S, Las Vegas, NV 89169","INCORP SERVICES, INC.","1012 MARQUEZ PLACE STE 106-B, Santa Fe, NM 87505",Not Applicable,"8690 Krum Avenue, Galesburg, MI 49053","8690 Krum Avenue, Galesburg, MI 49053",,"8938 Krum Avenue, Galesburg, MI 49053",Not Applicable,Good Standing,Michigan,Active,53-17-1 to 53-17-20,5405963,,,2985,,,,,,,,,,,,,,,
2959450,Not Applicable,11/13/2007,,"BIGBROWNLOG BREWERY, LLC",Domestic Limited Liability Company,,"MILE POST 10.1 HWY 12, RESERVE, NM 87830",NONE,JOHN S. HASBROUCK,"MILE POST 10.1 HWY 12, RESERVE, NM 87830",Not Applicable,Not Applicable,Not Applicable,,,,Good Standing,New Mexico,Active,53-19-1 to 53-19-74,2959450,,,2985,,,,,,,,,,,,,,,
2034825,Not Applicable,09/28/1999,,BLACK BEAR PUB & BREWERY INC.,Domestic Profit Corporation,,"3445 HWY 434, ANGEL FIRE, NM 87710",NONE,LORNA L. SANTILLO,"3445 HWY 434, ANGEL FIRE, NM 87710",Not Applicable,Not Applicable,Not Applicable,,,,Not in Good Standing,New Mexico,Revoked Final,53-11-1 to 53-18-12,2034825,,,2985,,,,,,,,,,,,,,,
4719930,Not Applicable,04/02/2013,,"blind bull brewery, llc",Domestic Limited Liability Company,,,NONE,STEVE LARSON,"14 MEADOWBROOK TERRACE, ANGEL FIRE, NM 87710",Not Applicable,Not Applicable,Not Applicable,,,,Good Standing,New Mexico,Active,53-19-1 to 53-19-74,4719930,"14 MEADOWBROOK TERRACE, ANGEL FIRE, NM 87710",,2985,,,,,,,,,,,,,,,
2820173,Not Applicable,12/28/2006,,BOAR'S NEST BREWERY INC.,Domestic Profit Corporation,,"4408 16TH AVE NE, RIO RANCHO, NM 87144",NONE,VICTOR GUTIERREZ,"4408 16TH AVE NE, RIO RANCHO, NM 87144",Not Applicable,Not Applicable,Not Applicable,,,,Not in Good Standing,New Mexico,Revoked,53-11-1 to 53-18-12,2820173,,,2985,,,,,,,,,,,,,,,
5533813,Not Applicable,10/06/2017,,"Boogie's Brewery & Distillery, LLC",Domestic Limited Liability Company,,,"304 S. Zinc St, Deming, NM 88030",Bryan Reedy,"304 S. Zinc St, Deming, NM 88030",Not Applicable,Not Applicable,Not Applicable,,,,Good Standing,New Mexico,Active,53-19-1 to 53-19-74,5533813,"304 S. Zinc St, Deming, NM 88030",,2985,,,,,,,,,,,,,,,
4086229,Not Applicable,09/26/2008,,"SANDIA BIOFUEL, LLC",Domestic Limited Liability Company,,"3851 RIO GRANDE BLVD. N.W., ALBUQUERQUE, NM 87107",NONE,JOHN C. NELLOS,"3851 RIO GRANDE BLVD. N.W., ALBUQUERQUE, NM 87107",Not Applicable,Not Applicable,Not Applicable,,,,Good Standing,New Mexico,Active,53-19-1 to 53-19-74,4086229,,,2998,,,,,,,,,,,,,,,
424416,Not Applicable,03/01/2016,,"ALLSUP'S CONVENIENCE STORES, INC.",Domestic Profit Corporation,,"P O Box 1907, Clovis, NM 88102 - 1907",NONE,C T CORPORATION SYSTEM,"206 S CORONADO AVE, ESPANOLA, NM 87532 - 2792",Not Applicable,Not Applicable,Not Applicable,"2112 Thornton St., Clovis, NM 88101",,,Good Standing,New Mexico,Active,53-11-1 to 53-18-12,424416,,,3004,,,,,,,,,,,,,,,
462523,Not Applicable,04/15/1964,,"ALLSUP'S ENTERPRISES, INC.",Domestic Profit Corporation,,,NONE,MERGED OUT OF EXISTENCE,"SEE FT11 FOR SERVICE OF PROCESS,",Not Applicable,Not Applicable,Not Applicable,,,,N/A,New Mexico,Merged,53-11-1 to 53-18-12,462523,,,3004,,,,,,,,,,,,,,,
5442150,,06/02/2017,,"Allsup's, Inc.",Foreign Profit Corporation,,"1999 Bryan st. ste. 900, Dallas, TX 75201","206 S. CORONADO AVE, Espanola, NM 87532",C T CORPORATION SYSTEM,"206 S CORONADO AVE, Espanola, NM 87532",Not Applicable,"1999 Bryan st. ste. 900, Dallas, TX 75201","1999 Bryan st. ste. 900, Dallas, TX 75201","2112 Thornton, Clovis, NM 88101","1999 Bryan st. ste. 900, Dallas, TX 75201",Not Applicable,Not in Good Standing,Texas,New Corporation,53-17-1 to 53-17-20,5442150,,,3004,,,,,,,,,,,,,,,
4660145,TINNIE'S SILVER DOLLAR STEAKHOUSE AND SALOON & TINNIE'S GENERAL STORE LLC,03/01/2016,,"JJJ DOLLAR BAR, LLC",Foreign Limited Liability Company,,,NONE,C T CORPORATION SYSTEM,"206 S CORONADO AVE, ESPANOLA, NM 87532 - 2792",Not Applicable,Not Applicable,,,"15 ONYX CT, ODESSA, TX 79762",,N/A,Texas,Cancelled,53-19-1 to 53-19-74,4660145,,,3029,,,,,,,,,,,,,,,
5169143,,06/16/2017,,"FAMILY DOLLAR STORES OF NEW MEXICO, INC.",Foreign Profit Corporation,,"500 VOLVO PARKWAY, Chesapeake, VA 23320","123 EAST MARCY STREET, SUITE 101, Santa Fe, NM 87501",CORPORATION SERVICE COMPANY,"123 EAST MARCY STREET, SUITE 101, Santa Fe, NM 87501",Not Applicable,"10401 Monroe Road, Matthews, NC 28105",,"206 S CORONADO AVE, Espanola, NM 87532 - 2792","500 VOLVO PARKWAY, Chesapeake, VA 23320",Not Applicable,Good Standing,Virginia,Active,53-17-1 to 53-17-20,5169143,,,3049,,,,,,,,,,,,,,,
1414630,Not Applicable,11/16/2015,,"FAMILY DOLLAR STORES OF NEW MEXICO, INC.",Domestic Profit Corporation,,"PO BOX 1017, CHARLOTTE, NC 28201 - 1017",NONE,C T CORPORATION SYSTEM,"1012 MARQUEZ PL, UNIT 106B, SANTA FE, NM 87505 - 1833",Not Applicable,Not Applicable,Not Applicable,"123 EAST MARCY STREET, SANTA FE, NM 87501",,,N/A,New Mexico,Merged,53-11-1 to 53-18-12,1414630,,,3049,,,,,,,,,,,,,,,
5169143,,06/16/2017,,"FAMILY DOLLAR STORES OF NEW MEXICO, INC.",Foreign Profit Corporation,,"500 VOLVO PARKWAY, Chesapeake, VA 23320","123 EAST MARCY STREET, SUITE 101, Santa Fe, NM 87501",CORPORATION SERVICE COMPANY,"123 EAST MARCY STREET, SUITE 101, Santa Fe, NM 87501",Not Applicable,"10401 Monroe Road, Matthews, NC 28105",,"206 S CORONADO AVE, Espanola, NM 87532 - 2792","500 VOLVO PARKWAY, Chesapeake, VA 23320",Not Applicable,Good Standing,Virginia,Active,53-17-1 to 53-17-20,5169143,,,3065,,,,,,,,,,,,,,,
1414630,Not Applicable,11/16/2015,,"FAMILY DOLLAR STORES OF NEW MEXICO, INC.",Domestic Profit Corporation,,"PO BOX 1017, CHARLOTTE, NC 28201 - 1017",NONE,C T CORPORATION SYSTEM,"1012 MARQUEZ PL, UNIT 106B, SANTA FE, NM 87505 - 1833",Not Applicable,Not Applicable,Not Applicable,"123 EAST MARCY STREET, SANTA FE, NM 87501",,,N/A,New Mexico,Merged,53-11-1 to 53-18-12,1414630,,,3065,,,,,,,,,,,,,,,
4660145,TINNIE'S SILVER DOLLAR STEAKHOUSE AND SALOON & TINNIE'S GENERAL STORE LLC,03/01/2016,,"JJJ DOLLAR BAR, LLC",Foreign Limited Liability Company,,,NONE,C T CORPORATION SYSTEM,"206 S CORONADO AVE, ESPANOLA, NM 87532 - 2792",Not Applicable,Not Applicable,,,"15 ONYX CT, ODESSA, TX 79762",,N/A,Texas,Cancelled,53-19-1 to 53-19-74,4660145,,,3068,,,,,,,,,,,,,,,
2367951,,06/16/2017,,"DOLLAR TREE STORES, INC.",Foreign Profit Corporation,,"500 VOLVO PKWY, Chesapeake, VA 23320","123 EAST MARCY STREET, SUITE 101, Santa Fe, NM 87501",CORPORATION SERVICE COMPANY,"123 EAST MARCY STREET, SUITE 101, Santa Fe, NM 87501",Not Applicable,"500 VOLVO PKWY, Chesapeake, VA 23320",,"400 N. PENNSYLVANIA AVENUE #600, Roswell, NM 88201","500 VOLVO PARKWAY, Chesapeake, VA 23320",Not Applicable,Good Standing,Virginia,Active,53-17-1 to 53-17-20,2367951,,,3074,,,,,,,,,,,,,,,
5169143,,06/16/2017,,"FAMILY DOLLAR STORES OF NEW MEXICO, INC.",Foreign Profit Corporation,,"500 VOLVO PARKWAY, Chesapeake, VA 23320","123 EAST MARCY STREET, SUITE 101, Santa Fe, NM 87501",CORPORATION SERVICE COMPANY,"123 EAST MARCY STREET, SUITE 101, Santa Fe, NM 87501",Not Applicable,"10401 Monroe Road, Matthews, NC 28105",,"206 S CORONADO AVE, Espanola, NM 87532 - 2792","500 VOLVO PARKWAY, Chesapeake, VA 23320",Not Applicable,Good Standing,Virginia,Active,53-17-1 to 53-17-20,5169143,,,3080,,,,,,,,,,,,,,,
1414630,Not Applicable,11/16/2015,,"FAMILY DOLLAR STORES OF NEW MEXICO, INC.",Domestic Profit Corporation,,"PO BOX 1017, CHARLOTTE, NC 28201 - 1017",NONE,C T CORPORATION SYSTEM,"1012 MARQUEZ PL, UNIT 106B, SANTA FE, NM 87505 - 1833",Not Applicable,Not Applicable,Not Applicable,"123 EAST MARCY STREET, SANTA FE, NM 87501",,,N/A,New Mexico,Merged,53-11-1 to 53-18-12,1414630,,,3080,,,,,,,,,,,,,,,
2332682,Not Applicable,03/28/2003,,ALAMEDA KNIGHTS OF COLUMBUS AUXILIARY COUNCIL NO. 9928,Domestic Nonprofit Corporation,,"9502 4TH STREET NW, ALBUQUERQUE, NM 87114",NONE,STEPHANIE F. MARTINEZ,"9502 4TH STREET NW, ALBUQUERQUE, NM 87114",Not Applicable,Not Applicable,Not Applicable,,,,Not in Good Standing,New Mexico,Revoked Final,53-8-1 to 53-8-99,2332682,,,3215,,,,,,,,,,,,,,,
2129690,Not Applicable,12/05/2000,,ALAMEDA KNIGHTS OF COLUMBUS NATIVITY OF THE BLESSED VIRGIN MARY COUNCIL 9928,Domestic Nonprofit Corporation,,"7619 Calle Carisma NE, Albuquerque, NM 87113",NONE,ERNEST W. WOODLEY,"7619 Calle Carisma NE, Albuquerque, NM 87113",Not Applicable,Not Applicable,Not Applicable,"4502 4TH ST NW, Albuquerque, NM 87114",,,Not in Good Standing,New Mexico,Active,53-8-1 to 53-8-99,2129690,,,3215,,,,,,,,,,,,,,,
1478619,Not Applicable,05/04/1990,,"COUNCIL 2719, KNIGHTS OF COLUMBUS",Domestic Nonprofit Corporation,,"PO BOX 164, Carlsbad, NM 88221","PO Box 164, Carlsbad, NM 88221 - 0164",DONALD W. KLUESNER,"606 W SHAW STREET, Carlsbad, NM 88220",Not Applicable,Not Applicable,Not Applicable,"606 W SHAW STREET, Carlsbad, NM 88220",,,Good Standing,New Mexico,Active,53-8-1 to 53-8-99,1478619,,,3215,,,,,,,,,,,,,,,
5193354,Not Applicable,03/24/2016,,KNIGHTS OF COLUMBUS #4205,Domestic Nonprofit Corporation,,"1720 ERINN PL., Clovis, NM 88101",NONE,RICKY SISNEROS,"2830 E. 21ST ST., CLOVIS, NM 88101",Not Applicable,Not Applicable,Not Applicable,"2830 E. 21ST ST., Clovis, NM 88101",,,Good Standing,New Mexico,Active,53-8-1 to 53-8-99,5193354,,,3215,,,,,,,,,,,,,,,
1787423,Not Applicable,09/22/2016,,KNIGHTS OF COLUMBUS COUNCIL 7040,Domestic Nonprofit Corporation,,"1700 S MAIN, Lovington, NM 88260","1700 S. Main, Lovington, NM 88260",David Munoz,"1700 S. Main, Lovington, NM 88260",Not Applicable,Not Applicable,Not Applicable,"1700 S MAIN, Lovington, NM 88260",,,Good Standing,New Mexico,Active,53-8-1 to 53-8-99,1787423,,,3215,,,,,,,,,,,,,,,
54635,,05/08/1908,,KNIGHTS OF COLUMBUS OF NEW HAVEN,Foreign Nonprofit Corporation,,"NONE, SANTA FE, NM 87501",NONE,R P SHAYA,"109 W SAN FRANCISCO ST, SANTA FE, NM 87501",Not Applicable,,,,,Not Applicable,Good Standing,Connecticut,Existence Expired,53-8-1 to 53-8-99,54635,,,3215,,,,,,,,,,,,,,,
4803973,Not Applicable,06/03/2013,,"KNIGHTS OF COLUMBUS, COUNCIL 6696, TEATUM CLUB",Domestic Nonprofit Corporation,,"1020 Veranda RD SE, Rio Rancho, NM 87124",NONE,ALLEN ROWBOTHAM,"1020 VERANDA RD. SE, RIO RANCHO, NM 87124",Not Applicable,Not Applicable,Not Applicable,"1020 VERANDA RD. SE, Rio Rancho, NM 87124",,,Good Standing,New Mexico,Active,53-8-1 to 53-8-99,4803973,,,3215,,,,,,,,,,,,,,,
2420883,Not Applicable,01/12/2004,,"KNIGHTS OF COLUMBUS, FATHER GABRIEL LOPEZ COUNCIL #9470",Domestic Nonprofit Corporation,,"340 E. MAYO ST, PO BOX 310, BAYARD, NM 88023",NONE,"MICHAEL R. GOMEZ, SR.","418 E. ELM ST., BAYARD, NM 88023",Not Applicable,Not Applicable,Not Applicable,,,,Not in Good Standing,New Mexico,Revoked,53-8-1 to 53-8-99,2420883,,,3215,,,,,,,,,,,,,,,
1099480,Not Applicable,05/21/1981,,"KNIGHTS OF COLUMBUS, LODGE NUMBER, 6937",Domestic Nonprofit Corporation,,"P O BOX 562, Tucumcari, NM 88401",NONE,EDWARD TRUJILLO,"2023 S 2ND ST, Tucumcari, NM 88401",Not Applicable,Not Applicable,Not Applicable,"204 EAST MAIN STREET, Tucumcari, NM 88401",,,Not in Good Standing,New Mexico,Active,53-8-1 to 53-8-99,1099480,,,3215,,,,,,,,,,,,,,,
57380,Not Applicable,,,LAS CRUCES KNIGHTS OF COLUMBUS CLUB,Other/No Corp type from MNFRM,,,,,,Not Applicable,Not Applicable,Not Applicable,,Not Applicable,,Not in Good Standing,New Mexico,Revoked Final,,57380,,,3215,,,,,,,,,,,,,,,
5829259,Not Applicable,02/07/2019,,Twin Warriors Air Service Ltd. Co.,Domestic Limited Liability Company,,"7401 Atrisco Vista Blvd. NW, Albuquerque, NM 87120","7401 Atrisco Vista Blvd NW, Albuquerque, NM 87120",Tim Gorman,"7401 Atrisco Vista Blvd NW, Albuquerque, NM 87120",Not Applicable,Not Applicable,Not Applicable,,,,Good Standing,New Mexico,Active,53-19-1 to 53-19-74,5829259,"7401 Atrisco Vista Blvd. NW, Albuquerque, NM 87120",,3330,,,,,,,,,,,,,,,
5062241,Not Applicable,05/14/2015,,"TWIN WARRIORS EQUESTRIAN, LLC",Domestic Limited Liability Company,,,NONE,JESSICA NORTHINGTON,"178 EL CAMINO CAMPO, CORRALES, NM 87048",Not Applicable,Not Applicable,Not Applicable,,,,Good Standing,New Mexico,Active,53-19-1 to 53-19-74,5062241,"10527 4TH ST NW, ALBUQUERQUE, NM 87114",,3330,,,,,,,,,,,,,,,
