Unnamed: 0,IMPAQ_ID,DBA Name,DBA Name_changes,DBA Name_update,Address Line 1,Address Line 1_changes,Address Line 1_update,City,City_changes,City_update,State,State_changes,State_update,Zip,Zip_changes,Zip_update,Latitude,Latitude_changes,Latitude_update,Longitude,Longitude_changes,Longitude_update,Full Address,Full Address_changes,Full Address_update,County,County_changes,County_update,Address Line 2,matchsource,est_id,found_pic,Manual Result,biz_status,Coordinates,On Tribe Land,Miles to Nearest Tribe,Assoc Tribe,Assoc Res,Nearest Tribe,Nearest Res,ori_flg,Owner Name,Owner City,Owner State,Non-Corporate Owned,Niel_id,Manual Validation Flag,SoS_record,URL,entity,agent_name,store_address,agent_address,agent_city,agent_state,agent_zip
584,584,STUMPS,STUMPS BAR AND GRILL,STUMPS BAR AND GRILL,500 MAIN ST.,523 MAIN ST,523 MAIN ST,BEJOU,Correct,BEJOU,MN,Correct,MN,56516,Correct,56516,47.44224418,47.4420681,47.44206810000001,-95.97608519,-95.9756408,-95.9756408,"500 MAIN ST.  BEJOU, MN 56516","523 Main St, Bejou, MN 56516, USA","523 Main St, Bejou, MN 56516, USA",MAHNOMEN,Correct,MAHNOMEN,,Original,584.0,1.0,yes,Active,POINT (-95.97564079999999 47.44206810000001),Yes,0.0,White Earth,White Earth Reservation,,,From Original List,,,,,,,,,,,,,,,
585,585,WINNIBIGOSHISH HISTORICAL CENTER,Correct,WINNIBIGOSHISH HISTORICAL CENTER,1510 US 2 N.E.,1510 US-2,1510 US-2,BENA,Correct,BENA,MN,Correct,MN,56626,Correct,56626,47.23103,47.346293,47.346293,-94.37419,-94.208881,-94.208881,"1510 US 2 N.E.  BENA, MN 56626","1510 US-2, Bena, MN 56626, USA","1510 US-2, Bena, MN 56626, USA",CASS,Correct,CASS,,Original,585.0,,,Active,POINT (-94.20888100000001 47.346293),Yes,0.0,Leech Lake,Leech Lake Reservation,,,From Original List,,,,,,,8K-326,https://mblsportal.sos.state.mn.us/Business/SearchDetails?filingGuid=f4bcdb30-b4d4-e011-a886-001ec94ffe7f,"WINNIBIGOSHISH HISTORICAL CENTER, INC.",(Optional) Currently No Agent,,1510 US HWY 2 NE BENA MN 56626 USA,Bena,MN,56626
587,587,COUNTRY CORNER,Correct,COUNTRY CORNER,9497 HIGHWAY 2,9497 US-2,9497 US-2,BROOKSTON,Correct,BROOKSTON,MN,Correct,MN,55771,55711,55711,46.85563629999999,46.8559293,46.85592929999999,-92.67998864,-92.6801715,-92.6801715,"9497 HIGHWAY 2  BROOKSTON, MN 55771","9497 US-2, Brookston, MN 55711, USA","9497 US-2, Brookston, MN 55711, USA",,Correct,ST. LOUIS,,Original,587.0,,,Active,POINT (-92.6801715 46.85592929999999),Yes,0.0,Fond du Lac,Fond du Lac Reservation,,,From Original List,,,,,,,,,,,,,,,
588,588,PALACE JUNCTION C-STORE,Correct,PALACE JUNCTION C-STORE,6864 U.S. HWY. 2,6864 US-2,6864 US-2,CASS LAKE,Correct,CASS LAKE,MN,Correct,MN,56633,Correct,56633,47.38231533,47.3823715,47.38237150000001,-94.64909855,-94.649042,-94.649042,"6864 U.S. HWY. 2  CASS LAKE, MN 56633","6864 US-2, Cass Lake, MN 56633, USA","6864 US-2, Cass Lake, MN 56633, USA",,Correct,CASS,,Original,588.0,,,Active,POINT (-94.64904199999999 47.38237150000001),Yes,0.0,Leech Lake,Leech Lake Reservation,,,From Original List,,,,,,,,,,,,,,,
589,589,BIG LAKE GOLF CLUB,Correct,BIG LAKE GOLF CLUB,789 CARY RD.,780 CARY RD,780 CARY RD,CLOQUET,Correct,CLOQUET,MN,Correct,MN,55720,Correct,55720,46.7157108,46.7199146,46.7199146,-92.61807036,-92.617889,-92.617889,"789 CARY RD.  CLOQUET, MN 55720","780 Cary Rd, Cloquet, MN 55720, USA","780 Cary Rd, Cloquet, MN 55720, USA",,Correct,CARLTON,,Original,589.0,,,Active,POINT (-92.61788900000001 46.7199146),Yes,0.0,Fond du Lac,Fond du Lac Reservation,,,From Original List,,,,,,,3327400-2,https://mblsportal.sos.state.mn.us/Business/SearchDetails?filingGuid=8a10d8eb-93d4-e011-a886-001ec94ffe7f,"BIG LAKE GOLF CLUB, INC.",Richard E Campbell,,780 CARY RD CLOQUET MN 55750 USA,Cloquet,MN,55750
591,591,HARWOODS,Correct,HARWOODS,30871 ARTIC RD.,Correct,30871 ARTIC RD.,DEER RIVER,Correct,DEER RIVER,MN,Correct,MN,56636,Correct,56636,47.32293305,Correct,47.32293305,-93.93650296,Correct,-93.93650296,"30871 ARTIC RD.  DEER RIVER, MN 56636",Correct,"30871 ARTIC RD. DEER RIVER, MN 56636",,Correct,ITASCA,,Original,591.0,1.0,yes,Active,POINT (-93.93650296 47.32293305),Yes,0.0,Leech Lake,Leech Lake Reservation,,,From Original List,,,,,,,,,,,,,,,
592,592,WINNIE ONE STOP,WINNIE TRADING POST,WINNIE TRADING POST,38499 STATE HWY. 46,38499 -46,38499 -46,DEER RIVER,Correct,DEER RIVER,MN,Correct,MN,56636,Correct,56636,47.43565406,47.433121,47.433121,-94.01442918,-94.012808,-94.012808,"38499 STATE HWY. 46  DEER RIVER, MN 56636","38499 MN-46, Deer River, MN 56636, USA","38499 MN-46, Deer River, MN 56636, USA",,Correct,ITASCA,,Original,592.0,,,Active,POINT (-94.01280799999999 47.433121),Yes,0.0,Leech Lake,Leech Lake Reservation,,,From Original List,,,,,,,998966100037,https://mblsportal.sos.state.mn.us/Business/SearchDetails?filingGuid=40e3adca-fc17-e811-9157-00155d0d6f70,WINNIE TRADING POST,,"38499 State Highway 46
Deer River, MN 56636
USA",,,,
594,594,RYDENS,Correct,RYDENS,9301 RYDEN RD,Correct,9301 RYDEN RD,GRAND PORTAGE,Correct,GRAND PORTAGE,MN,Correct,MN,55605,Correct,55605,47.9996275,Correct,47.9996275,-89.60137625,Correct,-89.60137625,"9301 RYDEN RD  GRAND PORTAGE, MN 55605",Correct,"9301 RYDEN RD GRAND PORTAGE, MN 55605",,Correct,COOK,,Original,594.0,,,Active,POINT (-89.60137625 47.9996275),Yes,0.0,Grand Portage,Grand Portage Reservation,,,From Original List,,,,,,,,,,,,,,,
595,595,RYDENS GAS,Correct,RYDENS GAS,9293 RYDEN RD.,Correct,9293 RYDEN RD.,GRAND PORTAGE,Correct,GRAND PORTAGE,MN,Correct,MN,55605,Correct,55605,47.99961851,Correct,47.99961851,-89.6011694,Correct,-89.6011694,"9293 RYDEN RD.  GRAND PORTAGE, MN 55605",Correct,"9293 RYDEN RD. GRAND PORTAGE, MN 55605",,Correct,COOK,,Original,595.0,,,Active,POINT (-89.6011694 47.99961851),Yes,0.0,Grand Portage,Grand Portage Reservation,,,From Original List,,,,,,,2413064-2,https://mblsportal.sos.state.mn.us/Business/SearchDetails?filingGuid=c3fe5905-90d4-e011-a886-001ec94ffe7f,"Ryden's Gas, LLC",(Optional) Currently No Agent,,9293 RYDEN RD GRAND PORTAGE MN 55605 USA,Grand Portage,MN,55605
599,599,CENEX,Correct,CENEX,1452 STATE HIGHWAY 200,1452 -200,1452 -200,MAHNOMEN,Correct,MAHNOMEN,MN,Correct,MN,56557,Correct,56557,47.325386,47.326133,47.326133,-95.95853,-95.9645137,-95.9645137,"1452 STATE HIGHWAY 200  MAHNOMEN, MN 56557","1452 MN-200, Mahnomen, MN 56557, USA","1452 MN-200, Mahnomen, MN 56557, USA",,Correct,MAHNOMEN,,Census,599.0,1.0,yes,Active,POINT (-95.9645137 47.32613300000001),Yes,0.0,White Earth,White Earth Reservation,,,From Original List,,,,,,,988857900021,https://mblsportal.sos.state.mn.us/Business/SearchDetails?filingGuid=305e2ddd-61ea-e711-9154-00155d0d6f70,Cenex,,"215 Central Avenue S
PO Box 89
Elbow Lake, MN 56531
USA",,,,
600,600,RED APPLE CAFE,Correct,RED APPLE CAFE,116 MAIN DR.E.,Correct,116 MAIN DR.E.,MAHNOMEN,Correct,MAHNOMEN,MN,Correct,MN,56557,Correct,56557,47.31588,Correct,47.31588,-95.96847,Correct,-95.96847,"116 MAIN DR.E.  MAHNOMEN, MN 56557",Correct,"116 MAIN DR.E. MAHNOMEN, MN 56557",,Correct,MAHNOMEN,,Original,600.0,,,Active,POINT (-95.96847 47.31588),Yes,0.0,White Earth,White Earth Reservation,,,From Original List,,,,,,,1076536300025,https://mblsportal.sos.state.mn.us/Business/SearchDetails?filingGuid=5131a4c8-e24c-e911-9171-00155d01b439,Red Apple Cafe,,"116 N Main Street
Mahnomen, MN 56557
USA",,,,
601,601,ROY LAKE STORE,Correct,ROY LAKE STORE,3395 STATE HIGHWAY 200,3395 -200,3395 -200,MAHNOMEN,Correct,MAHNOMEN,MN,Correct,MN,56557,Correct,56557,47.325226,47.3252021,47.3252021,-95.55192,-95.5520409,-95.5520409,"3395 STATE HIGHWAY 200  MAHNOMEN, MN 56557","3395 MN-200, Mahnomen, MN 56557, USA","3395 MN-200, Mahnomen, MN 56557, USA",,Correct,MAHNOMEN,,Census,601.0,,,Active,POINT (-95.55204089999999 47.32520210000001),Yes,0.0,White Earth,White Earth Reservation,,,From Original List,,,,,,,891429000028,https://mblsportal.sos.state.mn.us/Business/SearchDetails?filingGuid=2762ef85-c32d-e611-816a-00155d01c56d,"Roy Lake Store, LLC",Bruggeman Law Office P.L.L.C.,,402 EAST THIRD ST SUITE 2 ADA MN 56510 USA,Ada,MN,56510
605,605,BROKEN ARROW RESORT,Correct,BROKEN ARROW RESORT,2832 CO. ROAD 110,Correct,2832 CO. ROAD 110,NAYTAHWAUSH,Correct,NAYTAHWAUSH,MN,Correct,MN,56566,Correct,56566,47.23465574,Correct,47.23465574,-95.60684029,Correct,-95.60684029,"2832 CO. ROAD 110  NAYTAHWAUSH, MN 56566",Correct,"2832 CO. ROAD 110 NAYTAHWAUSH, MN 56566",,Correct,MAHNOMEN,,Original,605.0,,,Active,POINT (-95.60684028999999 47.23465574),Yes,0.0,White Earth,White Earth Reservation,,,From Original List,,,,,,,,,,,,,,,
606,606,VILLAGE STORE,Correct,VILLAGE STORE,230 SHORE AVENUE,Correct,230 SHORE AVENUE,NAYTAHWAUSH,Correct,NAYTAHWAUSH,MN,Correct,MN,56566,Correct,56566,47.26506181,Correct,47.26506181,-95.63143673,Correct,-95.63143673,"230 SHORE AVENUE  NAYTAHWAUSH, MN 56566",Correct,"230 SHORE AVENUE NAYTAHWAUSH, MN 56566",,Correct,MAHNOMEN,,Original,606.0,,,Active,POINT (-95.63143673 47.26506181),Yes,0.0,White Earth,White Earth Reservation,,,From Original List,,,,,,,,,,,,,,,
608,608,STRAWBERRY LAKE STORE,Correct,STRAWBERRY LAKE STORE,32000 COUNTY ROAD 143,Correct,32000 COUNTY ROAD 143,OGEMA,Correct,OGEMA,MN,Correct,MN,56569,Correct,56569,47.04991704,Correct,47.04991704,-95.72135996,Correct,-95.72135996,"32000 COUNTY ROAD 143  OGEMA, MN 56569",Correct,"32000 COUNTY ROAD 143 OGEMA, MN 56569",,Correct,BECKER,,Original,608.0,,,Active,POINT (-95.72135996 47.04991704),Yes,0.0,White Earth,White Earth Reservation,,,From Original List,,,,,,,1064928800027,https://mblsportal.sos.state.mn.us/Business/SearchDetails?filingGuid=114aeb9f-de20-e911-916a-00155d0deff0,Strawberry Lake Store,,"32000 co rd 143
Ogema, Minnesota 56569-9543–5656
United States",,,,
609,609,TRAILSIDE WINE & SPIRITS,Correct,TRAILSIDE WINE & SPIRITS,208 WALL ST. S. PO BOX 364,Correct,208 WALL ST. S. PO BOX 364,ONAMIA,Correct,ONAMIA,MN,Correct,MN,56359,Correct,56359,46.07065218,Correct,46.07065218,-93.66000809,Correct,-93.66000809,"208 WALL ST. S. PO BOX 364  ONAMIA, MN 56359",Correct,"208 WALL ST. S. PO BOX 364 ONAMIA, MN 56359",,Correct,MILLE LACS,,Original,609.0,,,Closed,POINT (-93.66000809000001 46.07065218),Yes,0.0,Mille Lacs,Mille Lacs Reservation,,,From Original List,,,,,,,3791907-2,https://mblsportal.sos.state.mn.us/Business/SearchDetails?filingGuid=103ac89a-95d4-e011-a886-001ec94ffe7f,Trailside Wine & Spirits,,"212 Co Rd 37
New Prague, MN 56071
USA",,,,
611,611,TAMARAC RESORT & CAMPGROUND,Correct,TAMARAC RESORT & CAMPGROUND,32152 COUNTY HWY. 35,Correct,32152 COUNTY HWY. 35,PONSFORD,Correct,PONSFORD,MN,Correct,MN,56575,Correct,56575,47.03850463,Correct,47.03850463,-95.55761145,Correct,-95.55761145,"32152 COUNTY HWY. 35  PONSFORD, MN 56575",Correct,"32152 COUNTY HWY. 35 PONSFORD, MN 56575",,Correct,BECKER,,Original,611.0,,,Active,POINT (-95.55761145 47.03850463),Yes,0.0,White Earth,White Earth Reservation,,,From Original List,,,,,,,3777911-2,https://mblsportal.sos.state.mn.us/Business/SearchDetails?filingGuid=72b1da88-95d4-e011-a886-001ec94ffe7f,Tamarac Resort & Campground LLC,(Optional) Currently No Agent,,32152 CO HWY 35 PONSFORD MN 56575 USA,Ponsford,MN,56575
615,615,DOHERTYS,Correct,DOHERTYS,22000 PANAMA AVE.,Correct,22000 PANAMA AVE.,PRIOR LAKE,Correct,PRIOR LAKE,MN,Correct,MN,55372,Correct,55372,44.63091181,Correct,44.63091181,-93.44078821,Correct,-93.44078821,"22000 PANAMA AVE.  PRIOR LAKE, MN 55372",Correct,"22000 PANAMA AVE. PRIOR LAKE, MN 55372",,Correct,SCOTT,,Original,615.0,1.0,maybe,Active,POINT (-93.44078820999999 44.63091181),No,5.794259283,,,Shakopee Mdewakanton Sioux,Shakopee Mdewakanton Sioux Off-Reservation Trust Land,From Original List,,,,,,,,,,,,,,,
616,616,HOLIDAY,HOLIDAY STATIONSTORES,HOLIDAY STATIONSTORES,16800 DULUTH AVE. S.E.,Correct,16800 DULUTH AVE. S.E.,PRIOR LAKE,Correct,PRIOR LAKE,MN,Correct,MN,55372,Correct,55372,44.70586129,Correct,44.70586129,-93.43041002,Correct,-93.43041002,"16800 DULUTH AVE. S.E.  PRIOR LAKE, MN 55372",Correct,"16800 DULUTH AVE. S.E. PRIOR LAKE, MN 55372",,Correct,SCOTT,,Original,616.0,1.0,yes,Active,POINT (-93.43041002 44.70586129),No,1.6312053380000002,,,Shakopee Mdewakanton Sioux,Shakopee Mdewakanton Sioux Community,From Original List,,,,,,,794020100026,https://mblsportal.sos.state.mn.us/Business/SearchDetails?filingGuid=90521fed-786e-e411-ae63-001ec94ffe7f,Holiday Stationstores,,"4567 American Blvd W
Blmgtn, MN 55437
USA",,,,
620,620,MGM WINE & SPIRITS,Correct,MGM WINE & SPIRITS,14173 COMMERCE AVE. N.E.,"1437, 14173 COMMERCE AVE NE","1437, 14173 COMMERCE AVE NE",PRIOR LAKE,Correct,PRIOR LAKE,MN,Correct,MN,55372,Correct,55372,44.74407348,44.7440591,44.7440591,-93.38029981,-93.380498,-93.380498,"14173 COMMERCE AVE. N.E.  PRIOR LAKE, MN 55372","1437, 14173 Commerce Ave NE, Prior Lake, MN 55372, USA","1437, 14173 Commerce Ave NE, Prior Lake, MN 55372, USA",,Correct,SCOTT,,Original,620.0,,,Active,POINT (-93.380498 44.74405910000001),No,3.08572785,,,Shakopee Mdewakanton Sioux,Shakopee Mdewakanton Sioux Off-Reservation Trust Land,From Original List,,,,,,,3914932-3,https://mblsportal.sos.state.mn.us/Business/SearchDetails?filingGuid=885d5936-96d4-e011-a886-001ec94ffe7f,MGM Wine & Spirits,,"1012 Co Rd 42 W
Burnsville, MN 55337
USA",,,,
621,621,SHELL,Correct,SHELL,4805 DAKOTA ST. S.E.,Correct,4805 DAKOTA ST. S.E.,PRIOR LAKE,Correct,PRIOR LAKE,MN,Correct,MN,55372,Correct,55372,44.71428794,Correct,44.71428794,-93.42308954,Correct,-93.42308954,"4805 DAKOTA ST. S.E.  PRIOR LAKE, MN 55372",Correct,"4805 DAKOTA ST. S.E. PRIOR LAKE, MN 55372",,Correct,SCOTT,,Original,621.0,,,Active,POINT (-93.42308954000001 44.71428794),No,1.440884488,,,Shakopee Mdewakanton Sioux,Shakopee Mdewakanton Sioux Community,From Original List,,,,,,,,,,,,,,,
626,626,VILLAGE LIQUOR,Correct,VILLAGE LIQUOR,16731 HIGHWAY 13 S. STE. 102,Correct,16731 HIGHWAY 13 S. STE. 102,PRIOR LAKE,Correct,PRIOR LAKE,MN,Correct,MN,55372,Correct,55372,44.70672464,Correct,44.70672464,-93.42857541,Correct,-93.42857541,"16731 HIGHWAY 13 S. STE. 102  PRIOR LAKE, MN 55372",Correct,"16731 HIGHWAY 13 S. STE. 102 PRIOR LAKE, MN 55372",,Correct,SCOTT,,Original,626.0,,,Active,POINT (-93.42857540999999 44.70672464),No,1.626942944,,,Shakopee Mdewakanton Sioux,Shakopee Mdewakanton Sioux Community,From Original List,,,,,,,,,,,,,,,
627,627,RICHWOOD OFF-SALE,Correct,RICHWOOD OFF-SALE,27343 COUNTY HWY. 34,27799 CO HWY 34,27799 CO HWY 34,CALLAWAY,Correct,CALLAWAY,MN,Correct,MN,56521,Correct,56521,46.9750395,46.9748039,46.9748039,-95.81211053,-95.8108633,-95.8108633,"27343 COUNTY HWY. 34  CALLAWAY, MN 56521","27799 Co Hwy 34, Callaway, MN 56521, USA","27799 Co Hwy 34, Callaway, MN 56521, USA",,Correct,BECKER,,Original,627.0,,,Active,POINT (-95.81086329999999 46.9748039),No,0.159802094,,,White Earth,White Earth Reservation,From Original List,,,,,,,864332-2,https://mblsportal.sos.state.mn.us/Business/SearchDetails?filingGuid=6365cf33-88d4-e011-a886-001ec94ffe7f,"Richwood Off Sale, Incorporated",(Optional) Currently No Agent,,27343 CO HWY 34 CALLAWAY MN 56521 USA,Callaway,MN,56521
629,629,CANTERBURY PARK,Correct,CANTERBURY PARK,1100 CANTERBURY RD.,Correct,1100 CANTERBURY RD.,SHAKOPEE,Correct,SHAKOPEE,MN,Correct,MN,55379,Correct,55379,44.7872859,Correct,44.7872859,-93.47350551,Correct,-93.47350551,"1100 CANTERBURY RD.  SHAKOPEE, MN 55379",Correct,"1100 CANTERBURY RD. SHAKOPEE, MN 55379",,Correct,SCOTT,,Original,629.0,,,Active,POINT (-93.47350551 44.7872859),No,0.79485514,,,Shakopee Mdewakanton Sioux,Shakopee Mdewakanton Sioux Off-Reservation Trust Land,From Original List,,,,,,,23934,https://mblsportal.sos.state.mn.us/Business/SearchDetails?filingGuid=5f2afb24-aed4-e011-a886-001ec94ffe7f,CANTERBURY PARK,(Optional) Currently No Agent,,,,,
630,630,CROSSROADS LIQUOR,CUB LIQUOR,CUB LIQUOR,1262 VIERLING DR. E.,Correct,1262 VIERLING DR. E.,SHAKOPEE,Correct,SHAKOPEE,MN,Correct,MN,55379,Correct,55379,44.77990247,Correct,44.77990247,-93.5064027,Correct,-93.5064027,"1262 VIERLING DR. E.  SHAKOPEE, MN 55379",Correct,"1262 VIERLING DR. E. SHAKOPEE, MN 55379",,Correct,SCOTT,,Original,630.0,1.0,yes,Active,POINT (-93.5064027 44.77990247),No,2.214419748,,,Shakopee Mdewakanton Sioux,Shakopee Mdewakanton Sioux Off-Reservation Trust Land,From Original List,,,,,,,3465699-7,https://mblsportal.sos.state.mn.us/Business/SearchDetails?filingGuid=3fe42e7b-94d4-e011-a886-001ec94ffe7f,Cub Liquor,,"10522 France Ave S
Blmgtn, MN 55431
USA",,,,
631,631,CUB FOODS,Correct,CUB FOODS,1198 VIERLING DR. E.,Correct,1198 VIERLING DR. E.,SHAKOPEE,Correct,SHAKOPEE,MN,Correct,MN,55379,Correct,55379,44.78062193,Correct,44.78062193,-93.50911866,Correct,-93.50911866,"1198 VIERLING DR. E.  SHAKOPEE, MN 55379",Correct,"1198 VIERLING DR. E. SHAKOPEE, MN 55379",,Correct,SCOTT,,Original,631.0,,,Active,POINT (-93.50911866 44.78062193),No,2.300362745,,,Shakopee Mdewakanton Sioux,Shakopee Mdewakanton Sioux Off-Reservation Trust Land,From Original List,,,,,,,104990,https://mblsportal.sos.state.mn.us/Business/SearchDetails?filingGuid=24499ac0-9bd4-e011-a886-001ec94ffe7f,Cub Foods,,"2410 S Pokegama Ave
Grand Rapids, MN 55744
USA",,,,
632,632,CVS / PHARMACY,Correct,CVS / PHARMACY,4050 DEAN LAKES BLVD.,Correct,4050 DEAN LAKES BLVD.,SHAKOPEE,Correct,SHAKOPEE,MN,Correct,MN,55379,Correct,55379,44.77849953,Correct,44.77849953,-93.46867616,Correct,-93.46867616,"4050 DEAN LAKES BLVD.  SHAKOPEE, MN 55379",Correct,"4050 DEAN LAKES BLVD. SHAKOPEE, MN 55379",,Correct,SCOTT,,Original,632.0,,,Active,POINT (-93.46867616 44.77849953),No,0.178808615,,,Shakopee Mdewakanton Sioux,Shakopee Mdewakanton Sioux Off-Reservation Trust Land,From Original List,,,,,,,556395-2,https://mblsportal.sos.state.mn.us/Business/SearchDetails?filingGuid=1c9574a3-86d4-e011-a886-001ec94ffe7f,"CVS Pharmacy, Inc.",CT Corporation System Inc,,1010 DALE ST N ST PAUL MN 55117–5603 USA,St Paul,MN,55117
638,638,HOLIDAY,Correct,HOLIDAY,3901 EAGLE CREEK BLVD.,3901 EAGLE CREEK BLVD,3901 EAGLE CREEK BLVD,SHAKOPEE,Correct,SHAKOPEE,MN,Correct,MN,55379,55378,55378,44.77990247,44.77966,44.77966,-93.47057372,-93.4704092,-93.4704092,"3901 EAGLE CREEK BLVD.  SHAKOPEE, MN 55379","3901 Eagle Creek Blvd, Shakopee, MN 55378, USA","3901 Eagle Creek Blvd, Shakopee, MN 55378, USA",,Correct,SCOTT,,Original,638.0,1.0,yes,Active,POINT (-93.47040920000001 44.77966),No,0.259874408,,,Shakopee Mdewakanton Sioux,Shakopee Mdewakanton Sioux Off-Reservation Trust Land,From Original List,,,,,,,,,,,,,,,
640,640,KWIK TRIP # 441,Can't Validate,KWIK TRIP # 441,1522 VIERLING DR. E.,Can't Validate,1522 VIERLING DR. E.,SHAKOPEE,Can't Validate,SHAKOPEE,MN,Can't Validate,MN,55379,Can't Validate,55379,44.78051401,Can't Validate,44.78051401,-93.50419937,Can't Validate,-93.50419937,"1522 VIERLING DR. E.  SHAKOPEE, MN 55379",Can't Validate,"1522 VIERLING DR. E. SHAKOPEE, MN 55379",,Can't Validate,SCOTT,,Original,640.0,,,Can't Validate,POINT (-93.50419936999999 44.78051401),No,2.231130116,,,Shakopee Mdewakanton Sioux,Shakopee Mdewakanton Sioux Off-Reservation Trust Land,From Original List,,,,,,,697202700048,https://mblsportal.sos.state.mn.us/Business/SearchDetails?filingGuid=93966cff-5616-e311-8e3a-001ec94ffe7f,Kwik Trip #441,,"1522 Vierling Dr E
Shakopee, MN 55379
USA",,,,
643,643,RIVERSIDE LIQUORS,Correct,RIVERSIDE LIQUORS,507 1ST AVE. E.,Correct,507 1ST AVE. E.,SHAKOPEE,Correct,SHAKOPEE,MN,Correct,MN,55379,Correct,55379,44.79967856,Correct,44.79967856,-93.52062098,Correct,-93.52062098,"507 1ST AVE. E.  SHAKOPEE, MN 55379",Correct,"507 1ST AVE. E. SHAKOPEE, MN 55379",,Correct,SCOTT,,Original,643.0,,,Active,POINT (-93.52062098 44.79967856),No,3.6821071219999997,,,Shakopee Mdewakanton Sioux,Shakopee Mdewakanton Sioux Off-Reservation Trust Land,From Original List,,,,,,,2E-437,https://mblsportal.sos.state.mn.us/Business/SearchDetails?filingGuid=cadbd47e-a8d4-e011-a886-001ec94ffe7f,"Riverside Liquors, Inc.",(Optional) Currently No Agent,,507 E 1ST AVE SHAKOPEE MN 55379 USA,Shakopee,MN,55379
650,650,TOBACCO EXPRESS,Correct,TOBACCO EXPRESS,1148 VIERLING DR. E.,Correct,1148 VIERLING DR. E.,SHAKOPEE,Correct,SHAKOPEE,MN,Correct,MN,55379,Correct,55379,44.78100864,Correct,44.78100864,-93.50911866,Correct,-93.50911866,"1148 VIERLING DR. E.  SHAKOPEE, MN 55379",Correct,"1148 VIERLING DR. E. SHAKOPEE, MN 55379",,Correct,SCOTT,,Original,650.0,,,Active,POINT (-93.50911866 44.78100864),No,2.324758631,,,Shakopee Mdewakanton Sioux,Shakopee Mdewakanton Sioux Off-Reservation Trust Land,From Original List,,,,,,,12K-499,https://mblsportal.sos.state.mn.us/Business/SearchDetails?filingGuid=9a8c62e1-abd4-e011-a886-001ec94ffe7f,Tobacco Express Inc.,Ayman Shahin,,1148 VIERLING DR E SHAKOPEE MN 55379 USA,Shakopee,MN,55379
651,651,TOP STAR MARKET,Correct,TOP STAR MARKET,615 MARSCHALL RD. S,Correct,615 MARSCHALL RD. S,SHAKOPEE,Correct,SHAKOPEE,MN,Correct,MN,55379,Correct,55379,44.79326639,Correct,44.79326639,-93.50749987,Correct,-93.50749987,"615 MARSCHALL RD. S  SHAKOPEE, MN 55379",Correct,"615 MARSCHALL RD. S SHAKOPEE, MN 55379",,Correct,SCOTT,,Original,651.0,,,Active,POINT (-93.50749987 44.79326639),No,2.7282836930000003,,,Shakopee Mdewakanton Sioux,Shakopee Mdewakanton Sioux Off-Reservation Trust Land,From Original List,,,,,,,895135600035,https://mblsportal.sos.state.mn.us/Business/SearchDetails?filingGuid=d6f306b5-1849-e611-816b-00155d01c56d,"Top Star Market, LLC",Adel Taweeleh,,615 MARSHALL RD SHAKOPEE MN 55379 USA,Shakopee,MN,55379
652,652,TURTLES BAR & GRILL,Correct,TURTLES BAR & GRILL,132 1ST AVE. E.,Correct,132 1ST AVE. E.,SHAKOPEE,Correct,SHAKOPEE,MN,Correct,MN,55379,Correct,55379,44.79853642,Correct,44.79853642,-93.5262957,Correct,-93.5262957,"132 1ST AVE. E.  SHAKOPEE, MN 55379",Correct,"132 1ST AVE. E. SHAKOPEE, MN 55379",,Correct,SCOTT,,Original,652.0,,,Active,POINT (-93.52629570000001 44.79853642),No,3.803235351,,,Shakopee Mdewakanton Sioux,Shakopee Mdewakanton Sioux Off-Reservation Trust Land,From Original List,,,,,,,6Q-697,https://mblsportal.sos.state.mn.us/Business/SearchDetails?filingGuid=27a0763f-b7d4-e011-a886-001ec94ffe7f,TURTLE'S BAR AND GRILL INC.,Bryan M Turtle,,132 1ST AVE E SHAKOPEE MN 55379 USA,Shakopee,MN,55379
655,655,WAL-MART,Correct,WAL-MART,8101 OLD CARRIAGE COURT,8101 OLD CARRIAGE CT,8101 OLD CARRIAGE CT,SHAKOPEE,Correct,SHAKOPEE,MN,Correct,MN,55379,Correct,55379,44.77867939,44.7793751,44.7793751,-93.41698314,-93.4180149,-93.4180149,"8101 OLD CARRIAGE COURT  SHAKOPEE, MN 55379","8101 Old Carriage Ct, Shakopee, MN 55379, USA","8101 Old Carriage Ct, Shakopee, MN 55379, USA",,Correct,SCOTT,,Original,655.0,1.0,yes,Active,POINT (-93.4180149 44.7793751),No,1.5742483669999998,,,Shakopee Mdewakanton Sioux,Shakopee Mdewakanton Sioux Off-Reservation Trust Land,From Original List,,,,,,,32475,https://mblsportal.sos.state.mn.us/Business/SearchDetails?filingGuid=c75bd95f-add4-e011-a886-001ec94ffe7f,Walmart Inc.,C T Corporation System Inc,,1010 DALE ST N ST PAUL MN 55117–5603 USA,St Paul,MN,55117
656,656,MAX MINI STORE,Correct,MAX MINI STORE,50758 STATE HWY. 46,50758 -46,50758 -46,SQUAW LAKE,Correct,SQUAW LAKE,MN,Correct,MN,56681,Correct,56681,47.61433135,47.6123038,47.61230379999999,-94.12902972,-94.1266067,-94.1266067,"50758 STATE HWY. 46  SQUAW LAKE, MN 56681","50758 MN-46, Squaw Lake, MN 56681, USA","50758 MN-46, Squaw Lake, MN 56681, USA",,Correct,ITASCA,,Original,656.0,,,Active,POINT (-94.1266067 47.61230379999999),Yes,0.0,Leech Lake,Leech Lake Reservation,,,From Original List,,,,,,,9C-344,https://mblsportal.sos.state.mn.us/Business/SearchDetails?filingGuid=8cfc2787-b7d4-e011-a886-001ec94ffe7f,"Max Mini Store, Inc.",(Optional) Currently No Agent,,50758 MICHALEK RD SQUAW LAKE MN 56681 USA,Squaw Lake,MN,56681
657,657,Duff's Tavern on Main,Correct,Duff's Tavern on Main,108 MAIN ST. E.,Correct,108 MAIN ST. E.,VERMILLION,Correct,VERMILLION,MN,Correct,MN,55085,Correct,55085,44.67365654,Correct,44.67365654,-92.96512792,Correct,-92.96512792,"108 MAIN ST. E.  VERMILLION, MN 55085",Correct,"108 MAIN ST. E. VERMILLION, MN 55085",,Correct,DAKOTA,,Original,657.0,,,Active,POINT (-92.96512792 44.67365654),No,12.70449714,,,Prairie Island,Prairie Island Off-Reservation Trust Land,From Original List,,,,,,,2474001-2,https://mblsportal.sos.state.mn.us/Business/SearchDetails?filingGuid=4238044d-90d4-e011-a886-001ec94ffe7f,"DUFF'S TAVERN ON MAIN, LLC",(Optional) Currently No Agent,,1014 W 2ND ST HASTINGS MN 55033 USA,Hastings,MN,55033
658,658,VERMILLION PUMP & MARKET,Correct,VERMILLION PUMP & MARKET,108 PARK AVE. N.,Correct,108 PARK AVE. N.,VERMILLION,Correct,VERMILLION,MN,Correct,MN,55085,Correct,55085,44.67388137,Correct,44.67388137,-92.96556859,Correct,-92.96556859,"108 PARK AVE. N.  VERMILLION, MN 55085",Correct,"108 PARK AVE. N. VERMILLION, MN 55085",,Correct,DAKOTA,,Original,658.0,,,Active,POINT (-92.96556859 44.67388137),No,12.734342999999999,,,Prairie Island,Prairie Island Off-Reservation Trust Land,From Original List,,,,,,,11F-469,https://mblsportal.sos.state.mn.us/Business/SearchDetails?filingGuid=fcfbd8a7-9ad4-e011-a886-001ec94ffe7f,"Vermillion Pump & Market, Inc.",Donald F Frandrup,,17736 EMERY AVE E HASTINGS MN 55033 USA,Hastings,MN,55033
661,661,CEDAR CREST RESORT,Correct,CEDAR CREST RESORT,29783 387TH ST.,Correct,29783 387TH ST.,WAUBUN,Correct,WAUBUN,MN,Correct,MN,56589,Correct,56589,47.13168,Correct,47.13168,-95.77242,Correct,-95.77242,"29783 387TH ST.  WAUBUN, MN 56589",Correct,"29783 387TH ST. WAUBUN, MN 56589",,Correct,BECKER,,Original,661.0,,,Active,POINT (-95.77242 47.13168),Yes,0.0,White Earth,White Earth Reservation,,,From Original List,,,,,,,963155100021,https://mblsportal.sos.state.mn.us/Business/SearchDetails?filingGuid=eb1fa82c-f38d-e711-8183-00155d01c6c6,Cedar Crest Resort LLC,David B. Kuehner,,1504 HOMER RD WINONA MN 55987 USA,Winona,MN,55987
662,662,ELBOW LAKE STORE & BAR,Can't Validate,ELBOW LAKE STORE & BAR,40419 ELBOW LAKE STORE RD.,Can't Validate,40419 ELBOW LAKE STORE RD.,WAUBUN,Can't Validate,WAUBUN,MN,Can't Validate,MN,56589,Can't Validate,56589,47.14756,Can't Validate,47.14756,-95.54034,Can't Validate,-95.54034,"40419 ELBOW LAKE STORE RD.  WAUBUN, MN 56589",Can't Validate,"40419 ELBOW LAKE STORE RD. WAUBUN, MN 56589",,Can't Validate,BECKER,,Original,662.0,,,Can't Validate,POINT (-95.54034 47.14756),Yes,0.0,White Earth,White Earth Reservation,,,From Original List,,,,,,,876468200026,https://mblsportal.sos.state.mn.us/Business/SearchDetails?filingGuid=8601ca19-61e1-e511-8166-00155d01c56d,Elbow Lake Store & Bar,,"49419 Elbow Lake Store Road
Waubun, MN 56589
USA",,,,
663,663,E-Z ONE STOP,Correct,E-Z ONE STOP,3194 U.S. HWY. 59,Correct,3194 U.S. HWY. 59,WAUBUN,Correct,WAUBUN,MN,Correct,MN,56589,Correct,56589,47.1804896,Correct,47.1804896,-95.93322216,Correct,-95.93322216,"3194 U.S. HWY. 59  WAUBUN, MN 56589",Correct,"3194 U.S. HWY. 59 WAUBUN, MN 56589",,Correct,MAHNOMEN,,Original,663.0,1.0,yes,Active,POINT (-95.93322216 47.1804896),Yes,0.0,White Earth,White Earth Reservation,,,From Original List,,,,,,,7B-61,https://mblsportal.sos.state.mn.us/Business/SearchDetails?filingGuid=f3954648-9ad4-e011-a886-001ec94ffe7f,"E/Z One Stop, Inc.",(Optional) Currently No Agent,,3194 US HWY 59 WAUBUN MN 56589 USA,Waubun,MN,56589
666,666,LUCKY DAY LIQUOR,Correct,LUCKY DAY LIQUOR,6690 STURGEON LAKE RD.,Correct,6690 STURGEON LAKE RD.,WELCH,Correct,WELCH,MN,Correct,MN,55089,Correct,55089,44.63066894,Correct,44.63066894,-92.67088783,Correct,-92.67088783,"6690 STURGEON LAKE RD.  WELCH, MN 55089",Correct,"6690 STURGEON LAKE RD. WELCH, MN 55089",,Correct,GOODHUE,,Original,666.0,,,Active,POINT (-92.67088783 44.63066894),No,0.42880921899999996,,,Prairie Island,Prairie Island Off-Reservation Trust Land,From Original List,,,,,,,793404900023,https://mblsportal.sos.state.mn.us/Business/SearchDetails?filingGuid=bc614c14-936a-e411-ae63-001ec94ffe7f,"Lucky Day Liquor, LLC","United States Corporation Agents, Inc.",,915 MAINSTREET SUITE 2 HOPKINS MN 55343 USA,Hopkins,MN,55343
667,667,CANNON RIVER INN,Correct,CANNON RIVER INN,26374 COUNTY 7 BLVD.,Correct,26374 COUNTY 7 BLVD.,WELCH,Correct,WELCH,MN,Correct,MN,55089,Correct,55089,44.56811211,Correct,44.56811211,-92.73778838,Correct,-92.73778838,"26374 COUNTY 7 BLVD. BOX 135 WELCH, MN 55089",Correct,"26374 COUNTY 7 BLVD. WELCH, MN 55089",,Correct,GOODHUE,BOX 135,Original,667.0,,,Active,POINT (-92.73778838 44.56811211),No,2.427109232,,,Prairie Island,Prairie Island Off-Reservation Trust Land,From Original List,,,,,,,,,,,,,,,
668,668,AMERICAN LEGION CLUB,Correct,AMERICAN LEGION CLUB,122 W MONROE AVE,Correct,122 W MONROE AVE,MAHNOMEN,Correct,MAHNOMEN,MN,Correct,MN,56557,Correct,56557,47.31517206,Correct,47.31517206,-95.96900615,Correct,-95.96900615,"122 W MONROE AVE  MAHNOMEN, MN 56557",Correct,"122 W MONROE AVE MAHNOMEN, MN 56557",,Correct,MAHNOMEN,,Original,668.0,,,Closed,POINT (-95.96900615 47.31517206),Yes,0.0,White Earth,White Earth Reservation,,,From Original List,,,,,,,,,,,,,,,
670,670,M and W,Correct,M and W,401 2ND STREET,Correct,401 2ND STREET,OGEMA,Correct,OGEMA,MN,Correct,MN,56569,Correct,56569,47.10384000000001,Correct,47.10384000000001,-95.92654,Correct,-95.92654,"401 2ND STREET  OGEMA, MN 56569",Correct,"401 2ND STREET OGEMA, MN 56569",,Correct,BECKER,,Original,670.0,1.0,yes,Active,POINT (-95.92654 47.10384000000001),Yes,0.0,White Earth,White Earth Reservation,,,From Original List,,,,,,,1071801500026,https://mblsportal.sos.state.mn.us/Business/SearchDetails?filingGuid=f3de3b7a-ce3b-e911-9171-00155d01b439,M AND W LLC,(Optional) Currently No Agent,,10311 DECATUR AVE S BLOOMINGTON MN 55438–5543 USA,BLOOMINGTON,MN,55438
671,671,M AND W,M AND W SERVICE,M AND W SERVICE,25747 STATE HIGHWAY 224,Correct,25747 STATE HIGHWAY 224,OGEMA,Correct,OGEMA,MN,Correct,MN,56569,Correct,56569,47.09313846,Correct,47.09313846,-95.85074537,Correct,-95.85074537,"25747 STATE HIGHWAY 224  OGEMA, MN 56569",Correct,"25747 STATE HIGHWAY 224 OGEMA, MN 56569",,Correct,BECKER,,Original,671.0,,,Active,POINT (-95.85074537 47.09313846),Yes,0.0,White Earth,White Earth Reservation,,,From Original List,,,,,,,,,,,,,,,
674,674,DOLLAR GENERAL,Correct,DOLLAR GENERAL,1202 SHAKOPEE TOWN SQ.,Correct,1202 SHAKOPEE TOWN SQ.,SHAKOPEE,Correct,SHAKOPEE,MN,Correct,MN,55379,Correct,55379,44.78461287,Correct,44.78461287,-93.55448186,Correct,-93.55448186,"1202 SHAKOPEE TOWN SQ.  SHAKOPEE, MN 55379",Correct,"1202 SHAKOPEE TOWN SQ. SHAKOPEE, MN 55379",SCOTT,Correct,SCOTT,,Original,674.0,,,Active,POINT (-93.55448186 44.78461287),No,4.342320582,,,Shakopee Mdewakanton Sioux,Shakopee Mdewakanton Sioux Off-Reservation Trust Land,From Original List,,,,,,,,,,,,,,,
690,690,THE Y STORE,Correct,THE Y STORE,6368 HWY. 169,6368 -169,6368 -169,TOWER,Correct,TOWER,MN,Correct,MN,55790,Correct,55790,47.726547,47.7842619,47.7842619,-92.396606,-92.3631244,-92.3631244,"6368 HWY. 169  TOWER, MN 55790","6368 MN-169, Tower, MN 55790, USA","6368 MN-169, Tower, MN 55790, USA",,Correct,ST. LOUIS,,Original,690.0,,,Active,POINT (-92.3631244 47.7842619),No,1.468887034,,,Bois Forte,Bois Forte Reservation,From Original List,,,,,,,2901442-2,https://mblsportal.sos.state.mn.us/Business/SearchDetails?filingGuid=534d0613-92d4-e011-a886-001ec94ffe7f,THE Y STORE,(Optional) Currently No Agent,,,,,
697,697,BP,Correct,BP,312 MN AVE.,312 MINNESOTA AVE W,312 MINNESOTA AVE W,WALKER,Correct,WALKER,MN,Correct,MN,56484,Correct,56484,47.10188400000001,47.1020299,47.1020299,-94.579813,-94.5800383,-94.5800383,"312 MN AVE.  WALKER, MN 56484","312 Minnesota Ave W, Walker, MN 56484, USA","312 Minnesota Ave W, Walker, MN 56484, USA",,Correct,CASS,,Original,697.0,,,Active,POINT (-94.5800383 47.1020299),No,0.978575917,,,Leech Lake,Leech Lake Reservation,From Original List,,,,,,,866284900021,https://mblsportal.sos.state.mn.us/Business/SearchDetails?filingGuid=7db89afb-90b8-e511-8163-00155d01c56d,"494 BP, LLC",(Optional) Currently No Agent,,2655 CHESHIRE LN NORTH PLYMOUTH MN 55447 USA,North Plymouth,MN,55447
698,698,CASS LAKE LODGE,Correct,CASS LAKE LODGE,16293 60TH AVE. N.W.,Correct,16293 60TH AVE. N.W.,CASS LAKE,Correct,CASS LAKE,MN,Correct,MN,56633,Correct,56633,47.389922,Correct,47.389922,-94.599682,Correct,-94.599682,"16293 60TH AVE. N.W.  CASS LAKE, MN 56633",Correct,"16293 60TH AVE. N.W. CASS LAKE, MN 56633",,Correct,CASS,,Original,698.0,,,Active,POINT (-94.599682 47.389922),Yes,0.0,Leech Lake,Leech Lake Reservation,,,From Original List,,,,,,,,,,,,,,,
701,701,HOLIDAY STATIONSTORES,Correct,HOLIDAY STATIONSTORES,HWY. 371 & HWY. 34,-371-34,-371-34,WALKER,Correct,WALKER,MN,Correct,MN,56484,Correct,56484,47.10155,47.1017468,47.1017468,-94.5869,-94.5865728,-94.5865728,"HWY. 371 & HWY. 34  WALKER, MN 56484","MN-371 & MN-34, Walker, MN 56484, USA","MN-371 & MN-34, Walker, MN 56484, USA",,Correct,CASS,,Original,701.0,,,Active,POINT (-94.5865728 47.1017468),No,1.335330203,,,Leech Lake,Leech Lake Reservation,From Original List,,,,,,,794020100026,https://mblsportal.sos.state.mn.us/Business/SearchDetails?filingGuid=90521fed-786e-e411-ae63-001ec94ffe7f,Holiday Stationstores,,"4567 American Blvd W
Blmgtn, MN 55437
USA",,,,
716,716,ONAMIA DRUG,Correct,ONAMIA DRUG,516 MAIN ST.,516 MAIN ST,516 MAIN ST,ONAMIA,Correct,ONAMIA,MN,Correct,MN,56539,56359,56359,46.070641,46.07075,46.07075,-93.667342,-93.66723,-93.66723,"516 MAIN ST.  ONAMIA, MN 56539","516 Main St, Onamia, MN 56359, USA","516 Main St, Onamia, MN 56359, USA",,Correct,MILLE LACS,,Original,716.0,,,Active,POINT (-93.66723 46.07075),Yes,0.0,Mille Lacs,Mille Lacs Reservation,,,From Original List,,,,,,,8S-871,https://mblsportal.sos.state.mn.us/Business/SearchDetails?filingGuid=6407935c-a3d4-e011-a886-001ec94ffe7f,"ONAMIA DRUG, INC.",(Optional) Currently No Agent,,516 MAIN ST ONAMIA MN 56359 USA,Onamia,MN,56359
717,717,BENDICKSON GENERAL STORE,Correct,BENDICKSON GENERAL STORE,218 HWY. 59,218 US-59,218 US-59,BEJOU,Correct,BEJOU,MN,Correct,MN,56516,Correct,56516,47.4425,47.4446978,47.44469779999999,-95.97617,-95.975452,-95.975452,"218 HWY. 59  BEJOU, MN 56516","218 US-59, Bejou, MN 56516, USA","218 US-59, Bejou, MN 56516, USA",,Correct,MAHNOMEN,,Original,717.0,,,Active,POINT (-95.975452 47.44469779999999),Yes,0.0,White Earth,White Earth Reservation,,,From Original List,,,,,,,710923400029,https://mblsportal.sos.state.mn.us/Business/SearchDetails?filingGuid=216b2d8b-0647-e311-8e3a-001ec94ffe7f,"Bendickson General Store, LLC",Joyce Bendickson,,206 1ST ST BEJOU MN 56516 USA,Bejou,MN,56516
719,719,STAR MART,Correct,STAR MART,785 U.S. HIGHWAY 59,Correct,785 U.S. HIGHWAY 59,MAHNOMEN,Correct,MAHNOMEN,MN,Correct,MN,56557,Correct,56557,47.32187,Correct,47.32187,-95.96549,Correct,-95.96549,"785 U.S. HIGHWAY 59  MAHNOMEN, MN 56557",Correct,"785 U.S. HIGHWAY 59 MAHNOMEN, MN 56557",,Correct,MAHNOMEN,,Original,719.0,1.0,yes,Active,POINT (-95.96549 47.32187),Yes,0.0,White Earth,White Earth Reservation,,,From Original List,,,,,,,,,,,,,,,
726,726,NOAF''S SMOKE SHOP INC,Correct,NOAF''S SMOKE SHOP INC,1405 MILLER TRUNK HWY #200,1631 LONDON RD,1631 LONDON RD,DULUTH,Correct,DULUTH,MN,Correct,MN,55811,55812,55812,46.805363,46.8015975,46.8015975,-92.155802,-92.0751994,-92.0751994,"1405 MILLER TRUNK HWY #200  DULUTH, MN 55811","1631 London Rd, Duluth, MN 55812, USA","1631 London Rd, Duluth, MN 55812, USA",,Correct,ST. LOUIS,,Original,726.0,1.0,yes,Active,POINT (-92.0751994 46.8015975),No,1.5904046230000002,,,Fond du Lac,Fond du Lac Off-Reservation Trust Land,From Original List,,,,,,,1542682-2,https://mblsportal.sos.state.mn.us/Business/SearchDetails?filingGuid=02a57672-8cd4-e011-a886-001ec94ffe7f,Noaf's Smoke Shop Inc,(Optional) Currently No Agent,,1405 MILLER TRUNK HWY # 200 DULUTH MN 55811 USA,Duluth,MN,55811
1934,1934,,,ONAMIA DRUG,516 MAIN ST,Correct,516 MAIN ST,ONAMIA,Correct,ONAMIA,MN,Correct,MN,56359,Correct,56359,,,46.070625,,,-93.66652,,,"516 Main St, Onamia, MN, 56359",,Correct,MILLE LACS,,,,,,Active,POINT (-93.66652000000001 46.070625),Yes,,Mille Lacs,Mille Lacs Reservation,,,New Retailer,Independent,,,N,664663.0,,8S-871,https://mblsportal.sos.state.mn.us/Business/SearchDetails?filingGuid=6407935c-a3d4-e011-a886-001ec94ffe7f,"ONAMIA DRUG, INC.",(Optional) Currently No Agent,,516 MAIN ST ONAMIA MN 56359 USA,Onamia,MN,56359
1937,1937,,,THOMPSONS LAKE COUNTRY DRUG,205 MAIN ST W,Correct,205 MAIN ST W,ISLE,Correct,ISLE,MN,Correct,MN,56342,Correct,56342,,,46.1414474,,,-93.4619825,,,"205 Main St W, Isle, MN, 56342",,Correct,MILLE LACS,,,,,,Active,POINT (-93.4619825 46.1414474),Yes,,Mille Lacs,Mille Lacs Reservation,,,New Retailer,Independent,,,N,657975.0,,707795200024,https://mblsportal.sos.state.mn.us/Business/SearchDetails?filingGuid=b40fc4ad-0238-e311-8e3a-001ec94ffe7f,"Thompson's Lake Country Drug, Inc.",(Optional) Currently No Agent,,10228 270TH AVE. ISLE MN 56342 USA,Isle,MN,56342
1948,1948,,,MORNING STAR WINE & SPIRITS,104 N MAIN ST,Correct,104 N MAIN ST,WAHKON,Correct,WAHKON,MN,Correct,MN,56386,Correct,56386,,,46.11833,,,-93.52099,,,"104 N Main St, Wahkon, MN, 56386",,Correct,MILLE LACS,,,,,,Active,POINT (-93.52099 46.11833),Yes,,Mille Lacs,Mille Lacs Reservation,,,New Retailer,Independent,,,N,7368544.0,,790350800020,https://mblsportal.sos.state.mn.us/Business/SearchDetails?filingGuid=f3a7d842-b55e-e411-ae63-001ec94ffe7f,Morning Star Wine & Spirits,,"104 North Main Street
Wahkon, MN 56386
USA",,,,
1960,1960,,,Y BOTTLE SHOP,6838 Y FRONTAGE RD NW,Correct,6838 Y FRONTAGE RD NW,WALKER,Correct,WALKER,MN,Correct,MN,56484,Correct,56484,,,47.053978,,,-94.541504,,,"6838 Y Frontage Rd NW, Walker, MN, 56484",,Correct,CASS,,,,,,Active,POINT (-94.541504 47.053978),Yes,,Leech Lake,Leech Lake Reservation,,,New Retailer,Independent,,,N,1426008.0,,,,,,,,,,
1967,1967,,,WINNIE TRADING POST,38499 STATE HIGHWAY 46,Correct,38499 STATE HIGHWAY 46,DEER RIVER,Correct,DEER RIVER,MN,Correct,MN,56636,Correct,56636,,,47.430244,,,-94.01013,,,"38499 State Highway 46, Deer River, MN, 56636",,Correct,ITASCA,,,,,,Active,POINT (-94.01013 47.430244),Yes,,Leech Lake,Leech Lake Reservation,,,New Retailer,Independent,,,N,1640939.0,,998966100037,https://mblsportal.sos.state.mn.us/Business/SearchDetails?filingGuid=40e3adca-fc17-e811-9157-00155d0d6f70,WINNIE TRADING POST,,"38499 State Highway 46
Deer River, MN 56636
USA",,,,
1983,1983,,,S & S BOTTLE SHOP,45830 US HIGHWAY 2,Correct,45830 US HIGHWAY 2,DEER RIVER,Correct,DEER RIVER,MN,Correct,MN,56636,Correct,56636,,,47.339603,,,-93.814674,,,"45830 Us Highway 2, Deer River, MN, 56636",,Correct,ITASCA,,,,,,Active,POINT (-93.814674 47.339603),Yes,,Leech Lake,Leech Lake Reservation,,,New Retailer,Independent,,,N,1407091.0,,3816193-4,https://mblsportal.sos.state.mn.us/Business/SearchDetails?filingGuid=aca7a8b8-95d4-e011-a886-001ec94ffe7f,"S & S Bottle Shop, Inc.",(Optional) Currently No Agent,,48217 FRONTIER LN DEER RIVER MN 56636 USA,Deer River,MN,56636
1993,1993,,,SUPER STOP,38666 US HIGHWAY 169,Correct,38666 US HIGHWAY 169,ONAMIA,Correct,ONAMIA,MN,Correct,MN,56359,Correct,56359,,,46.107871,,,-93.6443488,,,"38666 Us Highway 169, Onamia, MN, 56359",,Correct,MILLE LACS,,,,,,Active,POINT (-93.6443488 46.107871),Yes,,Mille Lacs,Mille Lacs Reservation,,,New Retailer,Independent,,,N,7505218.0,,,,,,,,,,
2011,2011,,,THRIFTY WHITE DRUG,211 S MAIN ST,Correct,211 S MAIN ST,MAHNOMEN,Correct,MAHNOMEN,MN,Correct,MN,56557,Correct,56557,,,47.3135761,,,-95.9689655,,,"211 S Main St, Mahnomen, MN, 56557",,Correct,MAHNOMEN,,,,,,Active,POINT (-95.9689655 47.3135761),Yes,,White Earth,White Earth Reservation,,,New Retailer,Thrifty White Stores Inc,Minneapolis,MN,N,7400752.0,,834871300028,https://mblsportal.sos.state.mn.us/Business/SearchDetails?filingGuid=c0b2d431-1f36-e511-b14d-001ec94ffe7f,Thrifty White Drug,,"6055 Nathan Lane N
Suite 200
Plymouth, MN 55442
USA",,,,
2058,2058,,,TEALS MARKET,365 MAIN ST W,Correct,365 MAIN ST W,ISLE,Correct,ISLE,MN,Correct,MN,56342,Correct,56342,,,46.13772410000001,,,-93.4677796,,,"365 Main St W, Isle, MN, 56342",,Correct,MILLE LACS,,,,,,Active,POINT (-93.4677796 46.13772410000001),Yes,,Mille Lacs,Mille Lacs Reservation,,,New Retailer,Teals Management/HQ,Lisbon,ND,N,158190.0,,3453981-2,https://mblsportal.sos.state.mn.us/Business/SearchDetails?filingGuid=f6003c6f-94d4-e011-a886-001ec94ffe7f,Teal's Market,,"Jct Hwy 2 & Hwy 371 PO Bx 660
Cass Lake, MN 56633
USA",,,,
2078,2078,,,TEALS MARKET,604 LYLE CHISHOLM DR,Correct,604 LYLE CHISHOLM DR,CASS LAKE,Correct,CASS LAKE,MN,Correct,MN,56633,Correct,56633,,,47.3818569,,,-94.6131154,,,"604 Lyle Chisholm Dr, Cass Lake, MN, 56633",,Correct,CASS,,,,,,Active,POINT (-94.6131154 47.3818569),Yes,,Leech Lake,Leech Lake Reservation,,,New Retailer,Teals Management/HQ,Lisbon,ND,N,80041.0,,3453981-2,https://mblsportal.sos.state.mn.us/Business/SearchDetails?filingGuid=f6003c6f-94d4-e011-a886-001ec94ffe7f,Teal's Market,,"Jct Hwy 2 & Hwy 371 PO Bx 660
Cass Lake, MN 56633
USA",,,,
2083,2083,,,ON THE GO,223 MAIN AVE,Correct,223 MAIN AVE,CALLAWAY,Correct,CALLAWAY,MN,Correct,MN,56521,Correct,56521,,,46.98064,,,-95.90931,,,"223 Main Ave, Callaway, MN, 56521",,Correct,BECKER,,,,,,Active,POINT (-95.90931 46.98064),Yes,,White Earth,White Earth Reservation,,,New Retailer,Independent,,,N,3601256.0,,3224708-2,https://mblsportal.sos.state.mn.us/Business/SearchDetails?filingGuid=a48b9855-93d4-e011-a886-001ec94ffe7f,"On The Go, LLC",(Optional) Currently No Agent,,24313 HWY 59 DETROIT LAKES MN 56501 USA,Detroit Lakes,MN,56501
2105,2105,,,ANDERSON BROTHERS GARAGE,38721 US HIGHWAY 169,Correct,38721 US HIGHWAY 169,ONAMIA,Correct,ONAMIA,MN,Correct,MN,56359,Correct,56359,,,46.1085644,,,-93.6479712,,,"38721 Us Highway 169, Onamia, MN, 56359",,Correct,MILLE LACS,,,,,,Active,POINT (-93.6479712 46.1085644),Yes,,Mille Lacs,Mille Lacs Reservation,,,New Retailer,Independent,,,N,3935763.0,,3C-341,https://mblsportal.sos.state.mn.us/Business/SearchDetails?filingGuid=371379d7-b9d4-e011-a886-001ec94ffe7f,"Anderson Brothers Garage, Inc.",(Optional) Currently No Agent,,38721 US HWY 169 RT 1 ONAMIA MN 56359 USA,Onamia,MN,56359
2126,2126,,,DAKOTA STATION,6030 STURGEON LAKE RD,Correct,6030 STURGEON LAKE RD,WELCH,Correct,WELCH,MN,Correct,MN,55089,Correct,55089,,,44.62948,,,-92.65275,,,"6030 Sturgeon Lake Rd, Welch, MN, 55089",,Correct,GOODHUE,,,,,,Active,POINT (-92.65275 44.62948),Yes,,Prairie Island,Prairie Island Indian Community,,,New Retailer,Independent,,,N,1935126.0,,4096557-2,https://mblsportal.sos.state.mn.us/Business/SearchDetails?filingGuid=69277ef5-96d4-e011-a886-001ec94ffe7f,Dakota Station,,"124 E Hwy 13
Burnsville, MN 55337
USA",,,,
2190,2190,,,CENEX,925 HWY 47 S,Correct,925 HWY 47 S,ISLE,Correct,ISLE,MN,Correct,MN,56342,Correct,56342,,,46.1372364,,,-93.4600918,,,"925 Hwy 47 S, Isle, MN, 56342",,Correct,MILLE LACS,,,,,,Active,POINT (-93.4600918 46.1372364),Yes,,Mille Lacs,Mille Lacs Reservation,,,New Retailer,Federated Co-Ops Inc,Princeton,MN,Y,514000.0,,988857900021,https://mblsportal.sos.state.mn.us/Business/SearchDetails?filingGuid=305e2ddd-61ea-e711-9154-00155d0d6f70,Cenex,,"215 Central Avenue S
PO Box 89
Elbow Lake, MN 56531
USA",,,,
2196,2196,,,STAR MART,785 S HIGHWAY 59,Correct,785 S HIGHWAY 59,MAHNOMEN,Correct,MAHNOMEN,MN,Correct,MN,56557,Correct,56557,,,47.3084159,,,-95.959332,,,"785 S Highway 59, Mahnomen, MN, 56557",,Correct,MAHNOMEN,,,,,,Active,POINT (-95.959332 47.3084159),Yes,,White Earth,White Earth Reservation,,,New Retailer,Independent,,,N,625189.0,,,,,,,,,,
2197,2197,,,ORTONS,6864 US HWY 2 NW,Correct,6864 US HWY 2 NW,CASS LAKE,Correct,CASS LAKE,MN,Correct,MN,56633,Correct,56633,,,47.383698,,,-94.6478142,,,"6864 US Hwy 2 NW, Cass Lake, MN, 56633",,Correct,CASS,,,,,,Active,POINT (-94.6478142 47.383698),Yes,,Leech Lake,Leech Lake Reservation,,,New Retailer,Independent,,,N,1819525.0,,,,,,,,,,
2202,2202,,,BENDICKSON GENERAL STORE,218 N HIGHWAY 59,Correct,218 N HIGHWAY 59,BEJOU,Correct,BEJOU,MN,Correct,MN,56516,Correct,56516,,,47.442505,,,-95.97617,,,"218 N Highway 59, Bejou, MN, 56516",,Correct,MAHNOMEN,,,,,,Active,POINT (-95.97617 47.442505),Yes,,White Earth,White Earth Reservation,,,New Retailer,Independent,,,N,752254.0,,710923400029,https://mblsportal.sos.state.mn.us/Business/SearchDetails?filingGuid=216b2d8b-0647-e311-8e3a-001ec94ffe7f,"Bendickson General Store, LLC",Joyce Bendickson,,206 1ST ST BEJOU MN 56516 USA,Bejou,MN,56516
2203,2203,,,MAX MINI STORE,50758 STATE HIGHWAY 46,Correct,50758 STATE HIGHWAY 46,SQUAW LAKE,Correct,SQUAW LAKE,MN,Correct,MN,56681,Correct,56681,,,47.613365,,,-94.12826,,,"50758 State Highway 46, Squaw Lake, MN, 56681",,Correct,ITASCA,,,,,,Active,POINT (-94.12826 47.613365),Yes,,Leech Lake,Leech Lake Reservation,,,New Retailer,Independent,,,N,1514595.0,,9C-344,https://mblsportal.sos.state.mn.us/Business/SearchDetails?filingGuid=8cfc2787-b7d4-e011-a886-001ec94ffe7f,"Max Mini Store, Inc.",(Optional) Currently No Agent,,50758 MICHALEK RD SQUAW LAKE MN 56681 USA,Squaw Lake,MN,56681
2208,2208,,,STRAWBERRY LAKE STORE,32000 COUNTY ROAD 143,Correct,32000 COUNTY ROAD 143,OGEMA,Correct,OGEMA,MN,Correct,MN,56569,Correct,56569,,,47.04905,,,-95.721,,,"32000 County Road 143, Ogema, MN, 56569",,Correct,BECKER,,,,,,Active,POINT (-95.721 47.04905),Yes,,White Earth,White Earth Reservation,,,New Retailer,Independent,,,N,1655774.0,,1064928800027,https://mblsportal.sos.state.mn.us/Business/SearchDetails?filingGuid=114aeb9f-de20-e911-916a-00155d0deff0,Strawberry Lake Store,,"32000 co rd 143
Ogema, Minnesota 56569-9543–5656
United States",,,,
2212,2212,,,CHIEF CORNER STORE,48548 POW WOW HWY,Correct,48548 POW WOW HWY,PONSFORD,Correct,PONSFORD,MN,Correct,MN,56575,Correct,56575,,,46.977474,,,-95.383064,,,"48548 Pow Wow Hwy, Ponsford, MN, 56575",,Correct,BECKER,,,,,,Active,POINT (-95.383064 46.977474),Yes,,White Earth,White Earth Reservation,,,New Retailer,Independent,,,N,1985210.0,,1691761-2,https://mblsportal.sos.state.mn.us/Business/SearchDetails?filingGuid=f66421fc-8cd4-e011-a886-001ec94ffe7f,CHIEF CORNER STORE,,"48548 Pow Wow Hwy
Ponsford, MN 56575
USA",,,,
2215,2215,,,MORNING STAR MARKET,104 N MAIN ST,Correct,104 N MAIN ST,WAHKON,Correct,WAHKON,MN,Correct,MN,56386,Correct,56386,,,46.11833,,,-93.52099,,,"104 N Main St, Wahkon, MN, 56386",,Correct,MILLE LACS,,,,,,Active,POINT (-93.52099 46.11833),Yes,,Mille Lacs,Mille Lacs Reservation,,,New Retailer,Independent,,,N,1657498.0,,260103,https://mblsportal.sos.state.mn.us/Business/SearchDetails?filingGuid=a1ce1dec-b0d4-e011-a886-001ec94ffe7f,Morning Star Market,,"104 North Main Street
Wahkon, MN 56386
USA",,,,
2239,2239,,,ORTON OIL,6854 Y FRONTAGE RD NW,Correct,6854 Y FRONTAGE RD NW,WALKER,Correct,WALKER,MN,Correct,MN,56484,Correct,56484,,,47.054146,,,-94.54213,,,"6854 Y Frontage Rd NW, Walker, MN, 56484",,Correct,CASS,,,,,,Active,POINT (-94.54213 47.054146),Yes,,Leech Lake,Leech Lake Reservation,,,New Retailer,Orton Oil Co,Walker,MN,N,690083.0,,914695700047,https://mblsportal.sos.state.mn.us/Business/SearchDetails?filingGuid=85224f88-51ab-e611-8166-00155d46d26e,"Orton Oil Company, LLC",Tim Orton,,6065 OBERLY LOOP RD BOX 820 WALKER MN 56484 USA,Walker,MN,56484
2242,2242,,,EZ ONE STOP,3194 US HIGHWAY 59,Correct,3194 US HIGHWAY 59,WAUBUN,Correct,WAUBUN,MN,Correct,MN,56589,Correct,56589,,,47.1799,,,-95.9331,,,"3194 Us Highway 59, Waubun, MN, 56589",,Correct,MAHNOMEN,,,,,,Active,POINT (-95.9331 47.1799),Yes,,White Earth,White Earth Reservation,,,New Retailer,Independent,,,N,988557.0,,7B-61,https://mblsportal.sos.state.mn.us/Business/SearchDetails?filingGuid=f3954648-9ad4-e011-a886-001ec94ffe7f,"E/Z One Stop, Inc.",(Optional) Currently No Agent,,3194 US HWY 59 WAUBUN MN 56589 USA,Waubun,MN,56589
2343,2343,,,DOLLAR GENERAL,324 HWY 59,Correct,324 HWY 59,MAHNOMEN,Correct,MAHNOMEN,MN,Correct,MN,56557,Correct,56557,,,47.3127089,,,-95.9627406,,,"324 Hwy 59, Mahnomen, MN, 56557",,Correct,MAHNOMEN,,,,,,Active,POINT (-95.9627406 47.3127089),Yes,,White Earth,White Earth Reservation,,,New Retailer,Dollar General/HQ,Goodlettsville,TN,N,7493153.0,,,,,,,,,,
2349,2349,,,DOLLAR GENERAL,207 MAIN ST,Correct,207 MAIN ST,ONAMIA,Correct,ONAMIA,MN,Correct,MN,56359,Correct,56359,,,46.0712876,,,-93.6623078,,,"207 Main St, Onamia, MN, 56359",,Correct,MILLE LACS,,,,,,Active,POINT (-93.66230779999999 46.0712876),Yes,,Mille Lacs,Mille Lacs Reservation,,,New Retailer,Dollar General/HQ,Goodlettsville,TN,N,7593797.0,,,,,,,,,,
2360,2360,,,DOLLAR GENERAL,1760 SCENIC DR N,Correct,1760 SCENIC DR N,ISLE,Correct,ISLE,MN,Correct,MN,56342,Correct,56342,,,46.1507148,,,-93.4623083,,,"1760 Scenic Dr N, Isle, MN, 56342",,Correct,MILLE LACS,,,,,,Active,POINT (-93.4623083 46.1507148),Yes,,Mille Lacs,Mille Lacs Reservation,,,New Retailer,Dollar General/HQ,Goodlettsville,TN,N,7368243.0,,,,,,,,,,
2368,2368,,,FAMILY DOLLAR,611 ASPEN AVE NW,Correct,611 ASPEN AVE NW,CASS LAKE,Correct,CASS LAKE,MN,Correct,MN,56633,Correct,56633,,,47.3804,,,-94.61203,,,"611 Aspen Ave NW, Cass Lake, MN, 56633",,Correct,CASS,,,,,,Active,POINT (-94.61203 47.3804),Yes,,Leech Lake,Leech Lake Reservation,,,New Retailer,Family Dollar Stores Inc,Matthews,NC,N,7288770.0,,87825,https://mblsportal.sos.state.mn.us/Business/SearchDetails?filingGuid=21e19922-a5d4-e011-a886-001ec94ffe7f,"FAMILY DOLLAR, INC.",Corporation Service Company,,2345 RICE ST SUITE 230 ROSEVILLE MN 55113–5603 USA,Roseville,MN,55113
2413,2413,,,SILVERS,777 LADY LUCK DR,Correct,777 LADY LUCK DR,HINCKLEY,Correct,HINCKLEY,MN,Correct,MN,55037,Correct,55037,,,46.0091967,,,-92.8970825,,,"777 Lady Luck Dr, Hinckley, MN, 55037",,Correct,PINE,,,,,,Active,POINT (-92.8970825 46.0091967),Yes,,Mille Lacs,Mille Lacs Reservation,,,New Retailer,Independent,,,N,3756245.0,,,,,,,,,,
2432,2432,,,MUGGS MAIN STREET SALOON,200 N MAIN ST,Correct,200 N MAIN ST,WAHKON,Correct,WAHKON,MN,Correct,MN,56386,Correct,56386,,,46.119312,,,-93.52102,,,"200 N Main St, Wahkon, MN, 56386",,Correct,MILLE LACS,,,,,,Active,POINT (-93.52101999999999 46.119312),Yes,,Mille Lacs,Mille Lacs Reservation,,,New Retailer,Independent,,,N,5647955.0,,4159802-2,https://mblsportal.sos.state.mn.us/Business/SearchDetails?filingGuid=38c22a3d-97d4-e011-a886-001ec94ffe7f,Mugg's Main Street Saloon,,"200 N Main Str
Wahkon, MN 56386
USA",,,,
2435,2435,,,TROPHYS,11247 STATE HIGHWAY 27,Correct,11247 STATE HIGHWAY 27,ONAMIA,Correct,ONAMIA,MN,Correct,MN,56359,Correct,56359,,,46.1072091,,,-93.6425191,,,"11247 State Highway 27, Onamia, MN, 56359",,Correct,MILLE LACS,,,,,,Active,POINT (-93.6425191 46.1072091),Yes,,Mille Lacs,Mille Lacs Reservation,,,New Retailer,Independent,,,N,5649098.0,,,,,,,,,,
2439,2439,,,LEINOS RIVERSIDE PUB,51911 ST HWY 46,Correct,51911 ST HWY 46,SQUAW LAKE,Correct,SQUAW LAKE,MN,Correct,MN,56681,Correct,56681,,,47.62778,,,-94.136734,,,"51911 St Hwy 46, Squaw Lake, MN, 56681",,Correct,ITASCA,,,,,,Active,POINT (-94.136734 47.62778),Yes,,Leech Lake,Leech Lake Reservation,,,New Retailer,Independent,,,N,7593210.0,,1005408700022,https://mblsportal.sos.state.mn.us/Business/SearchDetails?filingGuid=a718bc63-b123-e811-9158-00155d0d6f70,"Leino's Riverside Pub, Inc.",(Optional) Currently No Agent,,51911 HWY 46 N SQUAW LAKE MN 56681 USA,Squaw Lake,MN,56681
2446,2446,,,WAHKON INN,235 N MAIN ST,Correct,235 N MAIN ST,WAHKON,Correct,WAHKON,MN,Correct,MN,56386,Correct,56386,,,46.119602,,,-93.52104,,,"235 N Main St, Wahkon, MN, 56386",,Correct,MILLE LACS,,,,,,Active,POINT (-93.52104 46.119602),Yes,,Mille Lacs,Mille Lacs Reservation,,,New Retailer,Independent,,,N,5649211.0,,5I-615,https://mblsportal.sos.state.mn.us/Business/SearchDetails?filingGuid=1249876e-b0d4-e011-a886-001ec94ffe7f,"WAHKON INN, INC.",(Optional) Currently No Agent,,25543 CO RD 10 BOVEY MN 55709 USA,Bovey,MN,55709
2515,2515,,,COUNTRY CORNER,9497 HIGHWAY 2,Correct,9497 HIGHWAY 2,BROOKSTON,Correct,BROOKSTON,MN,Correct,MN,55711,Correct,55711,,,46.855537,,,-92.67948,,,"9497 Highway 2, Brookston, MN, 55711",,Correct,ST. LOUIS,,,,,,Active,POINT (-92.67948 46.855537),Yes,,Fond du Lac,Fond du Lac Reservation,,,New Retailer,Independent,,,N,5646563.0,,,,,,,,,,
2527,2527,,,LOUNGE ON BIG LAKE SHORES,979 CARY RD,Correct,979 CARY RD,CLOQUET,Correct,CLOQUET,MN,Correct,MN,55720,Correct,55720,,,46.703587,,,-92.61814,,,"979 Cary Rd, Cloquet, MN, 55720",,Correct,CARLTON,,,,,,Active,POINT (-92.61814 46.703587),Yes,,Fond du Lac,Fond du Lac Reservation,,,New Retailer,Independent,,,N,1987199.0,,724917-3,https://mblsportal.sos.state.mn.us/Business/SearchDetails?filingGuid=a796947a-87d4-e011-a886-001ec94ffe7f,"The Lounge on Big Lake Shores, Inc.",Patricia K Swanstrom,,1065 CARY RD CLOQUET MN 55720 USA,Cloquet,MN,55720
2532,2532,,,STUMPS BAR & GRILL,500 MAIN ST,Correct,500 MAIN ST,BEJOU,Correct,BEJOU,MN,Correct,MN,56516,Correct,56516,,,47.44227,,,-95.974525,,,"500 Main St, Bejou, MN, 56516",,Correct,MAHNOMEN,,,,,,Active,POINT (-95.974525 47.44227),Yes,,White Earth,White Earth Reservation,,,New Retailer,Independent,,,N,5646628.0,,3438091-2,https://mblsportal.sos.state.mn.us/Business/SearchDetails?filingGuid=037e4b63-94d4-e011-a886-001ec94ffe7f,"Stump's Bar & Grill, LLC",(Optional) Currently No Agent,,500 MAIN ST PO BX 2044 BEJOU MN 56516 USA,Bejou,MN,56516
2543,2543,,,VETERANS OF FOREIGN WARS,38692 US HIGHWAY 169,Correct,38692 US HIGHWAY 169,ONAMIA,Correct,ONAMIA,MN,Correct,MN,56359,Correct,56359,,,46.112484,,,-93.64939,,,"38692 Us Highway 169, Onamia, MN, 56359",,Correct,MILLE LACS,,,,,,Active,POINT (-93.64939 46.112484),Yes,,Mille Lacs,Mille Lacs Reservation,,,New Retailer,Independent,,,Y,5645380.0,,2858138-2,https://mblsportal.sos.state.mn.us/Business/SearchDetails?filingGuid=91dc41e3-91d4-e011-a886-001ec94ffe7f,Veterans of Foreign Wars 6992,(Optional) Currently No Agent,,901 N BENTON DR SAUK RAPIDS MN 56379 USA,Sauk Rapids,MN,56379
2546,2546,,,AMERICAN LEGION,217 2ND ST NE,Correct,217 2ND ST NE,CASS LAKE,Correct,CASS LAKE,MN,Correct,MN,56633,Correct,56633,,,47.379223,,,-94.59984,,,"217 2nd St NE, Cass Lake, MN, 56633",,Correct,CASS,,,,,,Active,POINT (-94.59984 47.379223),Yes,,Leech Lake,Leech Lake Reservation,,,New Retailer,Independent,,,Y,5645656.0,,4399005-2,https://mblsportal.sos.state.mn.us/Business/SearchDetails?filingGuid=cb8a6bea-97d4-e011-a886-001ec94ffe7f,The American Legion,Randall D Tesdahl,,20 W 12TH ST RM 300-A AMERICAN ST PAUL MN 55155–2000 USA,American St Paul,MN,55155
2552,2552,,,BEARS SPORTS BAR,1004 PLEASANT AVE,Correct,1004 PLEASANT AVE,WAUBUN,Correct,WAUBUN,MN,Correct,MN,56589,Correct,56589,,,47.1808516,,,-95.9429504,,,"1004 Pleasant Ave, Waubun, MN, 56589",,Correct,MAHNOMEN,,,,,,Active,POINT (-95.9429504 47.1808516),Yes,,White Earth,White Earth Reservation,,,New Retailer,Independent,,,N,2236763.0,,2188156-2,https://mblsportal.sos.state.mn.us/Business/SearchDetails?filingGuid=724635fe-8ed4-e011-a886-001ec94ffe7f,"BEAR'S SPORTS BAR, INC.",(Optional) Currently No Agent,,1004 PLEASANT AVE WAUBUN MN 56589 USA,Waubun,MN,56589
2561,2561,,,FIDDLESTIX GOLF COURSE,1081 395TH ST,Correct,1081 395TH ST,ISLE,Correct,ISLE,MN,Correct,MN,56342,Correct,56342,,,46.118168,,,-93.43718,,,"1081 395th St, Isle, MN, 56342",,Correct,MILLE LACS,,,,,,Active,POINT (-93.43718 46.118168),Yes,,Mille Lacs,Mille Lacs Reservation,,,New Retailer,Independent,,,N,2043846.0,,10C-85,https://mblsportal.sos.state.mn.us/Business/SearchDetails?filingGuid=a8eef5f0-a2d4-e011-a886-001ec94ffe7f,"Fiddlestix Golf Course, Inc.",(Optional) Currently No Agent,,39155 STATE HWY 47 ISLE MN 56342 USA,Isle,MN,56342
2578,2578,,,SHOOTING STAR CASINO,13325 340TH ST,Correct,13325 340TH ST,BAGLEY,Correct,BAGLEY,MN,Correct,MN,56621,Correct,56621,,,47.49580570000001,,,-95.5069139,,,"13325 340th St, Bagley, MN, 56621",,Correct,CLEARWATER,,,,,,Active,POINT (-95.5069139 47.49580570000001),Yes,,White Earth,White Earth Reservation,,,New Retailer,Independent,,,N,7485406.0,,,,,,,,,,
2602,2602,,,MAHNOMEN COUNTRY CLUB,2267 155TH AVE,Correct,2267 155TH AVE,MAHNOMEN,Correct,MAHNOMEN,MN,Correct,MN,56557,Correct,56557,,,47.314564,,,-95.94424,,,"2267 155th Ave, Mahnomen, MN, 56557",,Correct,MAHNOMEN,,,,,,Active,POINT (-95.94423999999999 47.314564),Yes,,White Earth,White Earth Reservation,,,New Retailer,Independent,,,N,5647742.0,,E-671,https://mblsportal.sos.state.mn.us/Business/SearchDetails?filingGuid=cd16cf48-aed4-e011-a886-001ec94ffe7f,"MAHNOMEN COUNTRY CLUB, INC.",(Optional) Currently No Agent,,2267 155TH AVE MAHNOMEN MN 56557 USA,Mahnomen,MN,56557
2618,2618,,,KINGS CORNER,123 E MONROE AVE,Correct,123 E MONROE AVE,MAHNOMEN,Correct,MAHNOMEN,MN,Correct,MN,56557,Correct,56557,,,47.315254,,,-95.968185,,,"123 E Monroe Ave, Mahnomen, MN, 56557",,Correct,MAHNOMEN,,,,,,Active,POINT (-95.96818500000001 47.315254),Yes,,White Earth,White Earth Reservation,,,New Retailer,Independent,,,N,2141612.0,,,,,,,,,,
2620,2620,,,LONG BOW GOLF CLUB,6516 LONG BOW TRL NW,Correct,6516 LONG BOW TRL NW,WALKER,Correct,WALKER,MN,Correct,MN,56484,Correct,56484,,,47.172,,,-94.634735,,,"6516 Long Bow Trl NW, Walker, MN, 56484",,Correct,CASS,,,,,,Active,POINT (-94.63473500000001 47.172),Yes,,Leech Lake,Leech Lake Reservation,,,New Retailer,Independent,,,N,1985812.0,,,,,,,,,,
2631,2631,,,NORTHWOOD HILLS GOLF COURSE,18217 CAPTIVE LAKE RD,Correct,18217 CAPTIVE LAKE RD,GARRISON,Correct,GARRISON,MN,Correct,MN,56450,Correct,56450,,,46.22622310000001,,,-93.7950967,,,"18217 Captive Lake Rd, Garrison, MN, 56450",,Correct,MILLE LACS,,,,,,Active,POINT (-93.7950967 46.22622310000001),Yes,,Mille Lacs,Mille Lacs Reservation,,,New Retailer,Independent,,,N,7407644.0,,769107300025,https://mblsportal.sos.state.mn.us/Business/SearchDetails?filingGuid=68d0f490-b107-e411-ac2f-001ec94ffe7f,"Northwood Hills Golf Course, L. L. C.",Crystal Bakker,,6230 10TH ST N STE 120 OAKDALE MN 55128 USA,Oakdale,MN,55128
2637,2637,,,WEDGEWOOD GOLF,6542 WEDGEWOOD RD NW,Correct,6542 WEDGEWOOD RD NW,WALKER,Correct,WALKER,MN,Correct,MN,56484,Correct,56484,,,47.160145,,,-94.62997,,,"6542 Wedgewood Rd NW, Walker, MN, 56484",,Correct,CASS,,,,,,Active,POINT (-94.62997 47.160145),Yes,,Leech Lake,Leech Lake Reservation,,,New Retailer,Independent,,,N,2221897.0,,890101000050,https://mblsportal.sos.state.mn.us/Business/SearchDetails?filingGuid=2d68a671-2924-e611-816a-00155d01c56d,WEDGEWOOD GOLF,,"6615 Londonberry Drv
Edina, MN 55436
USA",,,,
